Hexameter,,,,,,,,,,,,,,,,,,,,,,,,,,,,,
critical edition*,hyphenation,mans. version,epigrame no.,verse no.,κατὰ στίχον/ elegiac distich,metrical pattern & spondaic hex.,ms. metrical pattern,,syntactic caesura & bucolic diaeresis,,,,metrical caesura,,,,diaereses,,,,,,final word,word before caesura,bridge violations,,,,homodynia
"*Antologia Palatină, Cartea I. Poemele creștine, coord.: Simona Nicolae, co-authors: Ștefan Zară, Ștefan Lungu, Cristian Șimon, Sebastian Clinciu, Ecaterina Clinciu, Bucharest, Bucharest University Press, 2026",,,,,,,,first foot,triem,penth,hephth,bucolic,first foot,trihemim,penthem,hephth,D1,D2,D3,D4 (bucolic),D5,total,"oxyton=1, parox.=2, proparox.=3, perisp.-4, properisp.=5","oxyton=1, parox.=2, proparox.=3, perisp.-4, properisp.=5","Meyer
dactilic 2","Hermann
dactilic 4",Naeke spondaic 4,"Hilberg
spondaic 2",
"Θεῖος Ἰουστῖνος, Σοφίης πόσις, ᾧ πόρε Χριστὸς","Θεῖ#ος Ἰ#ουσ#τῖ#νος, Σο#φί#ης πό#σις, ᾧ πό#ρε Χρισ#τὸς",,2,1,distih,DSDDDT,,,,5M,,B,1F,,5M,7M,,,,1,1,2,1,"5, 2",,,,,1 5
"μητρὸς ἀπειρογάμοιο δόμον σκάζοντα νοήσας,","μη#τρὸς ἀ#πει#ρο#γά#μοι#ο δό#μον σκά#ζον#τα νο#ή#σας,",,2,3,distih,DDDSDS,,,,5F,,,1F,,5F,7M,,,,,,0,2,3,,,,,6
Ὁ πρὶν Ἰουστῖνος περικαλλέα δείματο νηὸν,Ὁ πρὶν Ἰ#ουσ#τῖ#νος πε#ρι#καλ#λέ#α δεί#μα#το νη#ὸν,Ὁ πρὶν Ἰουστῖνος περικαλλέα δείματο νηὼν ,3,1,distih,DSDDDT,DSDDDS ,,,5M,,,1F,,5M,,,,,1,1,2,1,5,,,,,5
ὁπλότερος δὲ μετ’ αὐτὸν Ἰουστῖνος βασιλεύων,ὁπ#λό#τε#ρος δὲ με#τ' αὐ#τὸν Ἰ#ουσ#τῖ#νος βα#σι#λεύ#ων,,3,3,distih,DDDSDS,,,,5F,,,,3F,5F,,,,,,,0,2,"1, 1",M,,,,6
"Tοῦτον Ἰωάννῃ, Χριστοῦ μεγάλῳ θεράποντι,","Tοῦ#τον Ἰ#ω#άν#νῃ, Χρισ#τοῦ με#γά#λῳ θε#ρά#πον#τι,",,4,1,hex,DSSDDT,,,,5M,,,1F,,5M,7M,,,,,,0,3,2,,,,,1 4
Στούδιος ἀγλαὸν οἶκον ἐδείματο· καρπαλίμως δὲ,Στού#δι#ος ἀγ#λα#ὸν οἶ#κον ἐ#δεί#μα#το· καρ#πα#λί#μως δὲ,,4,2,hex,DDDDDT,,,,,,B,,,5F,,1,1,,1,,3,1,3,,,,,1 3 4
"τῶν κάμεν εὕρετο μισθόν, ἑλὼν ὑπατηΐδα ῥάβδον.","τῶν κά#μεν εὕ#ρε#το μισ#θόν, ἑλ#ὼν ὑ#πα#τη#ΐ#δα ῥάβ#δον.",,4,3,hex,DDDDDT,,,,5F,,,1M,,5F,7M,1,1,,,1,3,2,1,,,,,1 2 4 6
"Tόνδε θεῷ κάμες οἶκον, Ἀμάντιε, μεσσόθι πόντου,","Tόν#δε θε#ῷ κά#μες οἶ#κον, Ἀ#μάν#τι#ε, μεσ#σό#θι πόν#του,",,5,1,distih,DDDDDS ,,,,5F,,B,1F,3M,5F,,,1,,1,1,3,2,"5, 3",,,,,1 2 3 4 6
"Οὐ νότος, οὐ βορέης ἱερὸν σέο δῶμα τινάξει,","Οὐ νό#τος, οὐ βο#ρέ#ης ἱ#ε#ρὸν σέ#ο δῶ#μα τι#νά#ξει,",,5,3,distih,DDDDDS,,,,5M,,,1M,,5M,,1,,,1,,2,2,2,,,,,4 5 6
Ζώοις ἤματα πολλά· σὺ γὰρ νεοθηλέα Ῥώμην,Ζώ#οις ἤ#μα#τα πολ#λά· σὺ γὰρ νε#ο#θη#λέ#α Ῥώ#μην,,5,5,distih,SDDDDS,,,,5F,,,,,5F,7M,1,1,1,,1,4,2,1,,,,,1 2 4 6
"Σφωράκιος ποίησε, φυγὼν φλόγα, μάρτυρι νηόν.","Σφω#ρά#κι#ος ποί#η#σε, φυ#γὼν φλό#γα, μάρ#τυ#ρι νη#όν.",,6,1,hex,DSDDDT,,,,5F,,B,,3M,5F,7M,,,,1,1,2,1,"3, 2",,,,,4  5
"Σφωράκιε, ζώοντι φίλα θρεπτήρια τίνων","Σφω#ρά#κι#ε, ζώ#ον#τι φί#λα θρεπ#τή#ρι#α τί#νων",,7,1,hex,DSDSDS,,,3M,,,,,3M,5F,7M,,,,,1,1,2,3,,,,,5 6
γήθεεν Ἀντόλιος σὸς ἀνεψιός· οἰχομένῳ δὲ,γή#θε#εν Ἀν#τό#λι#ος σὸς ἀ#νε#ψι#ός· οἰ#χο#μέ#νῳ δὲ,,7,2,hex,DDDDDT,,,,,,B,,,5M,,1,,,1,,2,1,1,,,,,1
"αἰεί σοι γεραρὴν τελέει χάριν, ὥστε καὶ ἄλλην","αἰ#εί σοι γε#ρα#ρὴν τε#λέ#ει χά#ριν, ὥσ#τε καὶ ἄλ#λην",,7,3,hex,SDDDDS,,,,,,B,,,5M,7M,1,,,1,1,3,2,2,,,,,3 5 6
εὗρε καὶ ἐν νηῷ σ' ἀνεθήκατο τὸν κάμες αὐτός.,εὗ#ρε καὶ ἐν νη#ῷ σ' ἀ#νε#θή#κα#το τὸν κά#μες αὐ#τός.,,7,4,hex,DSDDDT,,,,,,B,1F,,5M,,1,,,1,1,3,1,3,,,,,1 3 4 5
"Χριστὸν παμβασιλῆα φίλοις καμάτοισι γεραίρων,","Χρισ#τὸν παμ#βα#σι#λῆ#α φί#λοις κα#μά#τοι#σι γε#ραί#ρων,",,8,1,hex,SDDDDS,,,,5F,,,,,5F,7M,1,,,,,1,2,5,,,,,3 6
τοῦτον Ἰουστινιανὸς ἀγακλέα δείματο νηὸν,τοῦ#τον Ἰ#ουσ#τι#νι#α#νὸς ἀ#γακ#λέ#α δεί#μα#το νη#ὸν,,8,2,hex,DAbaccDDDT,,,,5F,,,1F,,5F,,,,,1,1,2,1,1,,,,,1 5
"Πέτρῳ καὶ Παύλῳ· θεράπουσι γὰρ εὖχος ὀπάζων,","Πέτ#ρῳ καὶ Παύ#λῳ· θε#ρά#που#σι γὰρ εὖ#χος ὀ#πά#ζων,",,8,3,hex,SSDDDS,,,,5M,,,,,5M,,1,,,1,,2,2,2,,H,,,1 2 5 6
αὐτῷ δή τις ἄνακτι φέρει πολυκυδέα τιμήν.,αὐ#τῷ δή τις ἄ#νακ#τι φέ#ρει πο#λυ#κυ#δέ#α τι#μήν.,,8,4,hex,SDDDDS,,,,5F,,,,,5F,7M,1,,,,1,2,1,3,M,,,,2
"Ἐνθάδε καὶ ψυχῇ, καὶ ὄμμασι κέρδος ἑτοῖμον·","Ἐν#θά#δε καὶ ψυ#χῇ, καὶ ὄμ#μα#σι κέρ#δος ἑ#τοῖ#μον·",,8,5,hex,DSSDDT,,,,5M,,,,,5M,,1,,1,1,,3,5,4,,,,,2 3 4 5 6
"εὐχαῖσιν μὲν ἕκαστος ὅ τι χρέος ἐστὶν ἑλέσθω,","εὐ#χαῖ#σιν μὲν ἕ#κασ#τος ὅ τι χρέ#ος ἐσ#τὶν ἑ#λέσ#θω,",,8,6,hex,SDDDDS,,,,5F,,,,,5F,,,,1,1,,2,2,3,M,,,,6
τερπέσθω δὲ ὁρῶν κάλλος καὶ δώματος αἴγλην.,τερ#πέσ#θω δὲ ὁ#ρῶν κάλ#λος καὶ δώ#μα#τος αἴγ#λην.,,8,7,hex,SDSSDS,,,,5M,,,,3F,5M,7M,,,,1,1,2,2,4,M,,N,,3 5 6
"Καὶ τόδε σῶν καμάτων παναοίδιμον ἔργον ἐτύχθη,","Καὶ τό#δε σῶν κα#μά#των παν#α#οί#δι#μον ἔρ#γον ἐ#τύχ#θη,",,9,1,hex,DDDDDS,,,,5M,,,1M,,5M,,1,,,1,,2,2,2,,,,,1 2 4 5 6
Tεῤῥάδιε κλυτόμητι· σὺ γὰρ περικαλλέα νηὸν,Tεῤ#ῥά#δι#ε κλυ#τό#μη#τι· σὺ γὰρ πε#ρι#καλ#λέ#α νη#ὸν,,9,2,hex,DDDDDT,,,,5F,,,,3M,5F,,,,1,,1,2,1,3,,,,,4
ἀγγελικῆς στρατιῆς σημάντορος αὖτις ἔδειξας.,ἀγ#γε#λι#κῆς στρα#τι#ῆς ση#μάν#το#ρος αὖ#τις ἔ#δει#ξας.,,9,3,hex,DDSDDT,,,,5M,,,,3M,5M,,,,,1,,1,3,4,,,,,2 3 4 5
"Εὐδοκίη μὲν ἄνασσα, θεὸν σπεύδουσα γεραίρειν,","Εὐ#δο#κί#η μὲν ἄ#νασ#σα, θε#ὸν σπεύ#δου#σα γε#ραί#ρειν,",,10,1,hex,DDDSDS,,,,5F,,,,,5F,7M,,,,,,0,2,3,M,,,,4 6
πρώτη νηὸν ἔτευξε θεοφραδέος Πολυεύκτου·,πρώ#τη νη#ὸν ἔ#τευ#ξε θε#οφ#ρα#δέ#ος Πο#λυ#εύκ#του·,,10,2,hex,SDDDDS,,,,5F,,,,3F,5F,,1,,,,,1,2,3,M,,,,1 6
"ἀλλ' οὐ τοῖον ἔτευξε καὶ οὐ τόσον· οὔ τινι φειδοῖ,","ἀλ#λ' οὐ τοῖ#ον ἔ#τευ#ξε καὶ οὐ τό#σον· οὔ τι#νι φει#δοῖ,",,10,3,hex,SDDDDS,,,,,,B,,3F,5F,,1,,1,1,1,4,4,2,M,,,,2 5
οὐ κτεάτων χατέουσα − τίνος βασίλεια χατίζει; −,οὐ κτε#ά#των χα#τέ#ου#σα – τί#νος βα#σί#λει#α χα#τί#ζει; –,,10,4,hex,DDDDDS,,,,5F,,,1M,3M,5F,7M,,,,,,0,2,3,,,,,6
"ἀλλ' ὡς θυμὸν ἔχουσα θεοπρόπον, ὅττι γενέθλην","ἀλ#λ' ὡς θυ#μὸν ἔ#χου#σα θε#οπ#ρό#πον, ὅτ#τι γε#νέθ#λην",,10,5,hex,SDDDDS,,,,,,B,,3F,5F,,1,,,1,,2,2,2,M,,,,5 6
καλλείψει δεδαυῖαν ἀμείνονα κόσμον ὀπάζειν.,καλ#λεί#ψει δε#δα#υῖ#αν ἀ#μεί#νο#να κόσ#μον ὀ#πά#ζειν.,,10,6,hex,SDDDDS,,,,5F,,,,3M,5F,,,,,1,,1,2,5,,,,,3 4 5 6
"Ἔνθεν Ἰουλιανή, ζαθέων ἀμάρυγμα τοκήων,","Ἔν#θεν Ἰ#ου#λι#α#νή, ζα#θέ#ων ἀ#μά#ρυγ#μα το#κή#ων,",,10,7,hex,DDDDDS,,,,5M,,,1F,,5M,7M,,,,,,0,2,1,,,,,1 3 6
"τέτρατον ἐκ κείνων βασιλήϊον αἷμα λαχοῦσα,","τέτ#ρα#τον ἐκ κεί#νων βα#σι#λή#ϊ#ον αἷ#μα λα#χοῦ#σα,",,10,8,hex,DSDDDT,,,,5M,,,,,5M,,1,,,1,,2,5,2,,,,,1 4 5 6
"ἐλπίδας οὐκ ἔψευσεν ἀριστώδινος ἀνάσσης,","ἐλ#πί#δας οὐκ ἔ#ψευ#σεν ἀ#ρισ#τώ#δι#νος ἀ#νάσ#σης,",,10,9,hex,DSDSDS,,,,5F,,,,,5F,,1,,,,,1,2,3,,,,,6
"ἀλλά μιν ἐκ βαιοῖο μέγαν καὶ τοῖον ἐγείρει,","ἀλ#λά μιν ἐκ βαι#οῖ#ο μέ#γαν καὶ τοῖ#ον ἐ#γεί#ρει,",,10,10,hex,DSDSDS,,,,5F,,,1F,,5F,7M,1,,,1,,2,2,5,,,N,,3 5 6
κῦδος ἀεξήσασα πολυσκήπτρων γενετήρων·,κῦ#δος ἀ#ε#ξή#σα#σα πο#λυσ#κήπ#τρων γε#νε#τή#ρων·,,10,11,hex,DSDSDS,,,,5F,,,1F,,5F,,,,,,,0,2,3,,,,,1 6
"πάντα γὰρ ὅσσα τέλεσσεν ὑπέρτερα τεῦξε τοκήων,","πάν#τα γὰρ ὅσ#σα τέ#λεσ#σεν ὑ#πέρ#τε#ρα τεῦ#ξε το#κή#ων,",,10,12,hex,DDDDDS,,,,5F,,,1F,,5F,,1,,,1,,2,2,3,M,,,,1 2 4 5 6
ὀρθὴν πίστιν ἔχουσα φιλοχρίστοιο μενοινῆς.,ὀρ#θὴν πίσ#τιν ἔ#χου#σα φι#λοχ#ρίσ#τοι#ο με#νοι#νῆς.,,10,13,hex,SDDSDS,,,,5F,,,,,5F,,1,,,,,1,4,3,M,,,,2
"Τίς γὰρ Ἰουλιανὴν οὐκ ἔκλυεν, ὅττι καὶ αὐτοὺς","Τίς γὰρ Ἰ#ου#λι#α#νὴν οὐκ ἔκ#λυ#εν, ὅτ#τι καὶ αὐ#τοὺς",,10,14,hex,DDSDDS,,,,,,B,"1F, 1M",,5M,,,,1,1,1,3,1,3,,,,,1 3 4 5
"εὐκαμάτοις ἔργοισιν ἑοὺς φαίδρυνε τοκῆας,","εὐ#κα#μά#τοις ἔρ#γοι#σιν ἑ#οὺς φαί#δρυ#νε το#κῆ#ας,",,10,15,hex,DSDSDT,,,,5F,,,,3M,5F,,,,,,,0,5,3,,,,,4 6
εὐσεβίης ἀλέγουσα; Μόνη δ' ἱδρῶτι δικαίῳ,εὐ#σε#βί#ης ἀ#λέ#γου#σα; Μό#νη δ' ἱδ#ρῶ#τι δι#καί#ῳ,,10,16,hex,DDDSDS,,,,5F,,,,3M,5F,7M,,,,,,0,2,3,,,,,5 6
ἄξιον οἶκον ἔτευξεν ἀειζώῳ Πολυεύκτῳ.,ἄ#ξι#ον οἶ#κον ἔ#τευ#ξεν ἀ#ει#ζώ#ῳ Πο#λυ#εύκ#τῳ.,,10,17,hex,DDDSDS,,,,5F,,,,3F,5F,,1,,,,,1,2,3,M,,,,1 2 6
Καὶ γὰρ ἀεὶ δεδάηκεν ἀμεμφέα δῶρα κομίζειν,Καὶ γὰρ ἀ#εὶ δε#δά#η#κεν ἀ#μεμ#φέ#α δῶ#ρα κο#μί#ζειν,,10,18,hex,DDDDDS,,,,5F,,,"1F, 1M",3M,5F,,,,,1,,1,2,3,,,,,1 2 5 6
πᾶσιν ἀεθλητῆρσιν ἐπουρανίου βασιλῆος.,πᾶ#σιν ἀ#εθ#λη#τῆρ#σιν ἐπ#ου#ρα#νί#ου βα#σι#λῆ#ος.,,10,19,hex,DSDDDT,,,,5F,,,1F,,5F,,,,,,,0,5,5,,,,,1 3 6
"Πᾶσα χθὼν βοάᾳ, πᾶσα πτόλις, ὅττι τοκῆας","Πᾶ#σα χθὼν βο#ά#ᾳ, πᾶ#σα πτό#λις, ὅτ#τι το#κῆ#ας",,10,20,hex,SDSDDT,,,,5M,,B,,,5M,,1,,,1,,2,5,"2, 2",,,,,1 2 5 6
φαιδροτέρους ποίησεν ἀρειοτέροισιν ἐπ' ἔργοις.,φαι#δρο#τέ#ρους ποί#η#σεν ἀ#ρει#ο#τέ#ροι#σιν ἐ#π' ἔρ#γοις.,,10,21,hex,DSDDDS,,,,5F,,,,3M,5F,,,,,,,0,2,3,,,,,6
Ποῦ γὰρ Ἰουλιανὴν ἁγίοις οὐκ ἔστιν ἰδέσθαι,Ποῦ γὰρ Ἰ#ου#λι#α#νὴν ἁ#γί#οις οὐκ ἔσ#τιν ἰ#δέσ#θαι,,10,22,hex,DDDSDS,,,,5M,,,"1F, 1M",,5M,7M,,,,1,,1,2,1,,,N?,,1 3 5 6
νηὸν ἀναστήσασαν ἀγακλέα; Ποῦ σέο μούνης,νη#ὸν ἀ#νασ#τή#σα#σαν ἀ#γακ#λέ#α; Ποῦ σέ#ο μού#νης,,10,23,hex,DSDDDS,,,,,,B,1F,,5F,,,,,1,1,2,2,2,,,,,5 6
εὐσεβέων οὐκ ἔστιν ἰδεῖν σημήϊα χειρῶν;,εὐ#σε#βέ#ων οὐκ ἔσ#τιν ἰ#δεῖν ση#μή#ϊ#α χει#ρῶν;,,10,24,hex,DSDSDS,,,3M,,7M,,,3M,5F,7M,,1,,,1,2,4,"2, 4",,,,H?,3 4 5
"Ποῖος δ' ἔπλετο χῶρος, ὃς οὐ μάθε σεῖο μενοινὴν","Ποῖ#ος δ' ἔπ#λε#το χῶ#ρος, ὃς οὐ μά#θε σεῖ#ο με#νοι#νὴν",,10,25,hex,SDDDDS,,,,5F,,,,,5F,,1,1,1,1,,4,1,5,,,,,1 2 3 5
εὐσεβίης πλήθουσαν; Ὅλης χθονὸς ἐνναετῆρες,εὐ#σε#βί#ης πλή#θου#σαν; Ὅ#λης χθο#νὸς ἐν#να#ε#τῆ#ρες,,10,26,hex,DSDDDT,,,,5F,,,,3M,5F,,,,,1,,1,2,3,,,,,6
σοὺς καμάτους μέλπουσιν ἀειμνήστους γεγαῶτας.,σοὺς κα#μά#τους μέλ#που#σιν ἀ#ει#μνήσ#τους γε#γα#ῶ#τας.,,10,27,hex,DSDSDT,,,,5F,,,1M,3M,5F,,,,,,,0,2,3,,,,,1 6
Ἔργα γὰρ εὐσεβίης οὐ κρύπτεται· οὐ γὰρ ἀέθλους,Ἔρ#γα γὰρ εὐ#σε#βί#ης οὐ κρύπ#τε#ται· οὐ γὰρ ἀ#έθ#λους,,10,28,hex,DDSDDS,,,,5M,,B,1F,,5M,,1,,1,1,,3,2,"2, 3",,,,,1 4 6
λήθη ἀποσβέννυσιν ἀριστοπόνων ἀρετάων.,λή#θη ἀ#ποσ#βέν#νυ#σιν ἀ#ρισ#το#πό#νων ἀ#ρε#τά#ων.,,10,29,hex,DSDDDS,,,,5F,,,1F,,5F,,,,,,,0,2,3,,,,,1 6
Ὅσσα δὲ σὴ παλάμη θεοπειθέα δώματα τεύχει,Ὅσ#σα δὲ σὴ πα#λά#μη θε#ο#πει#θέ#α δώ#μα#τα τεύ#χει,,10,30,hex,DDDDDS,,,,5M,,,1F,,5M,,1,,,1,1,3,2,2,,,,,1 2 5 6
"οὐδ' αὐτὴ δεδάηκας· ἀμετρήτους γάρ, ὀΐω,","οὐ#δ' αὐ#τὴ δε#δά#η#κας· ἀ#μετ#ρή#τους γάρ, ὀ#ΐ#ω,",,10,31,hex,SDDSDS,,,,5F,,,,3M,5F,,,,,,,0,2,3,,,,,2 6
"μούνη σὺ ξύμπασαν ἀνὰ χθόνα δείμαο ναούς,","μού#νη σὺ ξύμ#πα#σαν ἀ#νὰ χθό#να δεί#μα#ο να#ούς,",,10,32,hex,SSDDDS,,,3M,,,B,,,5F,,1,,,1,1,3,1,"1, 2",,,,,1 2 4 5
οὐρανίου θεράποντας ἀεὶ τρομέουσα θεοῖο.,οὐ#ρα#νί#ου θε#ρά#πον#τας ἀ#εὶ τρο#μέ#ου#σα θε#οῖ#ο.,,10,33,hex,DDDDDT,,,,5F,,,,3M,5F,7M,,,,,,0,5,3,,,,,4 6
Ἴχνεσι δ' εὐκαμάτοισιν ἐφεσπομένη γενετήρων,Ἴχ#νε#σι δ' εὐ#κα#μά#τοι#σιν ἐ#φεσ#πο#μέ#νη γε#νε#τή#ρων,ἴχνευσι δ' εὐκαμάτοισιν ἐφεσπομένη γενετήρων,10,34,hex,DDDDDS,Abacc.DDDDS ,,,5F,,,,,5F,,1,,,,,1,2,3,,,,,1 6
"πᾶσιν, ἀειζώουσαν ἑὴν τεκτήνατο φύτλην,","πᾶ#σιν, ἀ#ει#ζώ#ου#σαν ἑ#ὴν τεκ#τή#να#το φύ#τλην,",,10,35,hex,DSDSDS,,,,5F,,,1F,,5F,7M,,,,,1,1,2,3,,,,,1 4 5 6
εὐσεβίης ξύμπασαν ἀεὶ πατέουσα πορείην.,εὐ#σε#βί#ης ξύμ#πα#σαν ἀ#εὶ πα#τέ#ου#σα πο#ρεί#ην.,,10,36,hex,DSDDDS,,,,5F,,,,3M,5F,7M,,,,,,0,2,3,,,,,4 6
"Τοὔνεκά μιν θεράποντες ἐπουρανίου βασιλῆος,","Τοὔ#νε#κά μιν θε#ρά#πον#τες ἐπ#ου#ρα#νί#ου βα#σι#λῆ#ος,",,10,37,hex,DDDDDT,,,3M,,,,,3M,5F,,1,,,,,1,5,2,,,,,1 6
"ὅσσοις δῶρα δίδωσιν, ὅσοις δωμήσατο νηούς,","ὅσ#σοις δῶ#ρα δί#δω#σιν, ὅσ#οις δω#μή#σα#το νη#ούς,",,10,38,hex,SDDSDS,,,,5F,,,,3F,5F,,1,,,,1,2,1,3,M,,,,1 2 5
προφρονέως ἐρύεσθε σὺν υἱέϊ τοῖό τε κούραις·,προφ#ρο#νέ#ως ἐ#ρύ#εσ#θε σὺν υἱ#έ#ϊ τοῖ#ό τε κού#ραις·,,10,39,hex,DDDDDS,,,,5F,,,,3M,5F,,,,1,1,1,3,2,3,,,,,5 6
"μίμνοι δ' ἄσπετον εὖχος ἀριστοπόνοιο γενέθλης,","μίμ#νοι δ' ἄσ#πε#τον εὖ#χος ἀ#ρισ#το#πό#νοι#ο γε#νέθ#λης,",,10,40,hex,SDDDDS,,,,5F,,,,,5F,,1,1,,,,2,2,5,,,,,1 2 3 6
εἰσόκεν ἠέλιος πυριλαμπέα δίφρον ἐλαύνει.,εἰσ#ό#κεν ἠ#έ#λι#ος πυ#ρι#λαμ#πέ#α δίφ#ρον ἐ#λαύ#νει.,,10,41,hex,DDDDDS,,,,5M,,,,,5M,,1,,,1,,2,2,3,,,,,5 6
"Ποῖος Ἰουλιανῆς χορὸς ἄρκιός ἐστιν ἀέθλοις,","Ποῖ#ος Ἰ#ου#λι#α#νῆς χο#ρὸς ἄρ#κι#ός ἐσ#τιν ἀ#έθ#λοις,",,10,42,hex,DDDDDS,,,,5M,,,1F,,5M,,,,1,1,,2,2,4,,,,,1 3 4 6
"ἣ μετὰ Κωνσταντῖνον, ἑῆς κοσμήτορα Ῥώμης,","ἣ με#τὰ Κων#σταν#τῖ#νον, ἑ#ῆς κοσ#μή#το#ρα Ῥώ#μης,",,10,43,hex,DSDSDS,,,,5F,,,1M,,5F,,1,,,,1,2,2,5,,,,,1 3 4 5 6
"καὶ μετὰ Θευδοσίου παγχρύσεον ἱερὸν ὄμμα,","καὶ με#τὰ Θευ#δο#σί#ου παγ#χρύ#σε#ον ἱ#ε#ρὸν ὄμ#μα,",,10,44,hex,DDSDDT,,,,5M,,,1M,,5M,,1,,,1,1,3,2,2,,,,,1 4 6
"καὶ μετὰ τοσσατίων προγόνων βασιληΐδα ῥίζαν,","καὶ με#τὰ τοσ#σα#τί#ων προ#γό#νων βα#σι#λη#ΐ#δα ῥί#ζαν,",,10,45,hex,DDDDDT,,,,,7M,,1M,,5M,7M,1,,,,1,2,2,2,,,,,1 6
ἄξιον ἧς γενεῆς καὶ ὑπέρτερον ἤνυσεν ἔργον,ἄ#ξι#ον ἧς γε#νε#ῆς καὶ ὑ#πέρ#τε#ρον ἤ#νυ#σεν ἔρ#γον,,10,46,hex,DDDDDT,,,,5M,,,,3M,5M,,1,,,1,1,3,2,4,,,,,1 2 3 4 5 6
"εἰν ὀλίγοις ἐτέεσσι; Χρόνον δ' ἐβιήσατο μούνη,","εἰν ὀ#λί#γοις ἐ#τέ#εσ#σι; Χρό#νον δ' ἐ#βι#ή#σα#το μού#νη,",,10,47,hex,DDDDDS,,,,5F,,,1M,3M,5F,7M,,,,,1,1,2,3,,,,,5 6
"καὶ σοφίην παρέλασσεν ἀειδομένου Σολομῶνος,","καὶ σο#φί#ην πα#ρέ#λασ#σεν ἀ#ει#δο#μέ#νου Σο#λο#μῶ#νος,",,10,48,hex,DDDDDT,,,,5F,,,1M,3M,5F,,,,,,,0,5,3,,,,,1 6
"νηὸν ἀναστήσασα θεηδόχον, οὗ μέγας αἰὼν","νη#ὸν ἀ#νασ#τή#σα#σα θε#η#δό#χον, οὗ μέ#γας αἰ#ὼν",,10,49,hex,DSDDDS,,,,,,B,1F,,5F,,,,,1,1,2,1,2,,,,,5
οὐ δύναται μέλψαι χαρίτων πολυδαίδαλον αἴγλην.,οὐ δύ#να#ται μέλ#ψαι χα#ρί#των πο#λυ#δαί#δα#λον αἴ#γλην.,,10,50,hex,DSDDDS,,,,5M,,,1M,3M,5M,7M,,,,,1,1,2,2,,,,,5 6
"Oἷος μὲν προβέβηκε βαθυῤῥίζοισι θεμέθλοις,","Oἷ#ος μὲν προ#βέ#βη#κε βα#θυῤ#ῥί#ζοι#σι θε#μέθ#λοις,",,10,51,hex,SDDSDS,,,,5F,,,,3M,5F,,1,,,,,1,2,3,,,,,1 2 6
νέρθεν ἀναθρώσκων τε καὶ αἰθέρος ἄστρα διώκων·,νέρ#θεν ἀ#ναθ#ρώσ#κων τε καὶ αἰ#θέ#ρος ἄσ#τρα δι#ώ#κων·,νέρθεν ἀναθρώσκων καὶ αἰθέρος ἄστρα διώκων·,10,52,hex,DSDDDS,DSTDDS ,,,5F,,,1F,,5F,,,,1,1,,2,2,3,,,,,1 5 6
"οἷος δ' ἀντολίης μηκύνεται ἐς δύσιν ἕρπων,","οἷ#ος δ' ἀν#το#λί#ης μη#κύ#νε#ται ἐς δύ#σιν ἕρ#πων,",,10,53,hex,SDSDDS,,,,5M,,,,,5M,,1,,,1,1,3,2,2,,,,,1 4 6
ἀῤῥήτοις Φαέθοντος ὑπαστράπτων ἀμαρυγαῖς,ἀῤ#ῥή#τοις Φα#έ#θον#τος ὑ#πασ#τράπ#των ἀ#μα#ρυ#γαῖς,,10,54,hex,SDDSDS,,,,5F,,,,3M,5F,,,,,,,0,4,3,,,,,
τῇ καὶ τῇ πλευρῇσι· μέσης δ' ἑκάτερθε πορείης,τῇ καὶ τῇ πλευ#ρῇ#σι· μέ#σης δ' ἑ#κά#τερ#θε πο#ρεί#ης,,10,55,hex,SSDDDS,,,,5F,,,1M,,5F,7M,1,,,,,1,2,5,,,,,1 2 3 6
κίονες ἀῤῥήκτοις ἐπὶ κίοσιν ἑστηῶτες,κί#ο#νες ἀῤ#ῥήκ#τοις ἐ#πὶ κί#ο#σιν ἑσ#τη#ῶ#τες,,10,56,hex,DSDDST,,,,,,B,,,5M,,1,,1,1,,3,5,3,,,,,1 4 6
χρυσορόφου ἀκτῖνας ἀερτάζουσι καλύπτρης·,χρυ#σο#ρό#φου ἀκ#τῖ#νας ἀ#ερ#τά#ζου#σι κα#λύπ#τρης·,,10,57,hex,DSDSDS,,,,5F,,,,3M,5F,,,,,,,0,2,5,,,,,3  6
κόλποι δ' ἀμφοτέρωθεν ἐπ' ἀψίδεσσι χυθέντες,κόλ#ποι δ' ἀμ#φο#τέ#ρω#θεν ἐ#π' ἀ#ψί#δεσ#σι χυ#θέν#τες,,10,58,hex,SDDSDT,,,,5F,,,,,5F,,1,,,,,1,2,3,,,,,1 6
φέγγος ἀειδίνητον ἐμαιώσαντο σελήνης·,φέγ#γος ἀ#ει#δί#νη#τον ἐ#μαι#ώ#σαν#το σε#λή#νης·,,10,59,hex,DSDSDS,,,,5F,,,1F,,5F,,,,,,,0,2,2,,,,,1 6
τοῖχοι δ' ἀντιπέρηθεν ἀμετρήτοισι κελεύθοις,τοῖ#χοι δ' ἀν#τι#πέ#ρη#θεν ἀ#μετ#ρή#τοι#σι κε#λεύ#θοις,,10,60,hex,SDDSDS,,,,5F,,,,,5F,,1,,,,,1,2,3,,,,,1 6
"θεσπεσίους λειμῶνας ἀνεζώσαντο μετάλλων,","θεσ#πε#σί#ους λει#μῶ#νας ἀ#νε#ζώ#σαν#το με#τάλ#λων,",,10,61,hex,DSDSDS,,,,5F,,,,3M,5F,,,,,,,0,2,5,,,,,3 6
οὓς φύσις ἀνθήσασα μέσοις ἐνὶ βένθεσι πέτρης,οὓς φύ#σις ἀν#θή#σα#σα μέ#σοις ἐ#νὶ βέν#θε#σι πέ#τρης,,10,62,hex,DSDDDS,,,,5F,,,1M,,5F,,1,,,1,1,3,2,3,,,,,1  5 6
"ἀγλαΐην ἔκλεπτε, θεοῦ δ' ἐφύλασσε μελάθροις","ἀγ#λα#ΐ#ην ἔκ#λεπ#τε, θε#οῦ δ' ἐ#φύ#λασ#σε με#λάθ#ροις",,10,63,hex,DSDDDS,,,,5F,,,,3M,5F,7M,,,,,,0,2,3,,,,,4 6
"δῶρον Ἰουλιανῆς, ἵνα θέσκελα ἔργα τελέσσῃ,","δῶ#ρον Ἰ#ου#λι#α#νῆς, ἵ#να θέσ#κε#λα ἔρ#γα τε#λέσ#σῃ,",,10,64,hex,DDDDDS,,,,5M,,,1F,,5M,,,,1,1,,2,2,4,,,,,1 3 4 5 6
ἀχράντοις κραδίης ὑπὸ νεύμασι ταῦτα καμοῦσα.,ἀχ#ράν#τοις κρα#δί#ης ὑ#πὸ νεύ#μα#σι ταῦ#τα κα#μοῦ#σα.,,10,65,hex,SDDDDT,,,,,,B,,3M,5M,,,,1,1,,2,5,3,,,,,4 5 6
Τίς δὲ φέρων θοὸν ἴχνος ἐπὶ ζεφυρηΐδας αὔρας,Τίς δὲ φέ#ρων θο#ὸν ἴχ#νος ἐ#πὶ ζε#φυ#ρη#ΐ#δας αὔ#ρας,,10,66,hex,DDDDDS,,,,5F,,,"1M, 1F",3M,5F,,,1,,,1,2,2,2,,,,,1 3  4 6
"ὑμνοπόλος σοφίης, ἑκατὸν βλεφάροισι πεποιθώς,","ὑμ#νο#πό#λος σο#φί#ης, ἑ#κα#τὸν βλε#φά#ροι#σι πε#ποι#θώς,",,10,67,hex,DDDDDS,,,,5M,,,,3M,5M,7M,,,,,,0,1,2,,,,,4
"τοξεύσει ἑκάτερθε πολύτροπα δήνεα τέχνης,","το#ξεύ#σει ἑ#κά#τε#ρθε πο#λύτ#ρο#πα δή#νε#α τέχ#νης,","τοξεύσει ἑκάτερθε πολύτροπα λίνεα τέχνης,",10,68,hex,SDDDDS,SDDDApS,,,5F,,,,3M,5F,,,,,1,1,2,2,3,,,,,4 5 6
"οἶκον ἰδὼν λάμποντα, περίδρομον ἄλλον ἐπ' ἄλλῳ;","οἶ#κον ἰ#δὼν λάμ#πον#τα, πε#ρίδ#ρο#μον ἄλ#λον ἐ#π' ἄλ#λῳ;","οἶκον δ' ἰδὼν λάμποντα, περίδρομον ἄλλον ἐπ' ἄλλῳ;",10,69,hex,DSDDDS,Abacc.SDDDS ,,,5F,,,1F,3M,5F,,,,,1,,1,2,3,,,,,1 2 4 5 6
Ἔνθεν καὶ γραφίδων ἱερῶν ὑπὲρ ἄντυγος αὐλῆς,Ἔν#θεν καὶ γρα#φί#δων ἱ#ε#ρῶν ὑ#πὲρ ἄν#τυ#γος αὐ#λῆς,ἔνθ' ἵνα καὶ γραφίδων ἱερῶν ὑπὲρ ἄντυγος αὐλῆς,10,70,hex,SDDDDS,DDDDDS,,,,7M,,,,5M,7M,1,,,1,1,3,4,4,,,,,1 2 4 5
"ἔστιν ἰδεῖν μέγα θαῦμα, πολύφρονα Κωνσταντῖνον,","ἔσ#τιν ἰ#δεῖν μέ#γα θαῦ#μα, πο#λύφ#ρο#να Κων#σταν#τῖ#νον,",,10,71,hex,DDDDST,,,,5F,,,1F,3M,5F,,,1,,1,,2,5,5,,,,,1 2 3 4 6
πῶς προφυγὼν εἴδωλα θεημάχον ἔσβεσε λύσσαν,πῶς προ#φυ#γὼν εἴ#δω#λα θε#η#μά#χον ἔσ#βε#σε λύσ#σαν,,10,72,hex,DSDDDT,,,,5F,,,1M,3M,5F,,,,,1,1,2,2,3,,,,,1 2 5 6
καὶ Τριάδος φάος εὗρ<εν> ἐν ὕδασι γυῖα καθήρας.,καὶ Τρι#ά#δος φά#ος εὗ#ρ<εν> ἐν ὕ#δα#σι γυῖ#α κα#θή#ρας.,καὶ Τριάδος φάος εὗρ ἐν ὕδασι γυῖα καθήρας.,10,73,hex,DDDDDS,DDDPDS,,,5F,,,1M,3M,5F,,,1,1,1,,3,2,5,,,,,1 3 4 5 6
"Τοῖον Ἰουλιανή, μετὰ μυρίον ἑσμὸν ἀέθλων,","Τοῖ#ον Ἰ#ου#λι#α#νή, με#τὰ μυ#ρί#ον ἑσ#μὸν ἀ#έθ#λων,",,10,74,hex,DDDDDS,,,,5M,,,1F,,5M,,,,1,1,,2,2,1,,,,,1 3 6
ἤνυσε τοῦτον ἄεθλον ὑπὲρ ψυχῆς γενετήρων,ἤ#νυ#σε τοῦ#τον ἄ#εθ#λον ὑ#πὲρ ψυ#χῆς γε#νε#τή#ρων,,10,75,hex,DDDSDS,,,,5F,,,,3F,5F,,1,,,,,1,2,3,M,,,,1 2 4 5 6
καὶ σφετέρου βιότοιο καὶ ἐσσομένων καὶ ἐόντων.,καὶ σφε#τέ#ρου βι#ό#τοι#ο καὶ ἐσ#σο#μέ#νων καὶ ἐ#όν#των.,,10,76,hex,DDDDDS,,,,5F,,,1M,3M,5F,,,,1,,,1,2,3,,,,,1 6
"Eἰμὶ δόμος Τριάδος, τρισσὴ δέ με τεῦξε γενέθλη.","Eἰ#μὶ δό#μος Τρι#ά#δος, τρισ#σὴ δέ με τεῦ#ξε γε#νέθ#λη.",,12,1,hex,DDSDDS,,,,5M,,,1F,3M,5M,,,,,1,,1,2,2,,H,,,4 5 6
Πρώτη μὲν πολέμους καὶ βάρβαρα φῦλα φυγοῦσα,Πρώ#τη μὲν πο#λέ#μους καὶ βάρ#βα#ρα φῦ#λα φυ#γοῦ#σα,,12,2,hex,SDSDDT,,,,5M,,,1F,3M,5M,,1,,1,1,,3,5,2,,,,,1 2 4 5 6
"τεύξατο καὶ μ' ἀνέθηκε θεῷ, ζωάγρια μόχθων,","τεύ#ξα#το καὶ μ' ἀ#νέ#θη#κε θε#ῷ, ζω#άγ#ρι#α μόχ#θων,",,12,3,hex,DDDSDS,,,,,7M,,,3M,5F,7M,1,,,,1,2,2,4,,,,,1 2 4 5 6
Θευδοσίου θυγάτηρ Εὐδοξία· ἐκ δέ με κείνης,Θευ#δο#σί#ου θυ#γά#τηρ Εὐ#δο#ξί#α· ἐκ δέ με κεί#νης,,12,4,hex,DDSDDS,,,,5M,,B,,3M,5M,,,,,1,1,2,2,"2, 2",,,,,6
Πλακιδίη κόσμησε σὺν ὀλβίστῳ παρακοίτῃ·,Πλα#κι#δί#η κόσ#μη#σε σὺν ὀλ#βίσ#τῳ πα#ρα#κοί#τῃ·,,12,5,hex,DSDSDS,,,,5F,,,,3M,5F,,,,1,,,1,2,3,,,,,6
"εἰ δέ που ἀγλαΐης ἐπεδεύετο κάλλος ἐμεῖο,","εἰ δέ που ἀγ#λα#ΐ#ης ἐ#πε#δεύ#ε#το κάλ#λος ἐ#μεῖ#ο,",,12,6,hex,DDDDDT,,,,5M,,,"1M, 1F",,5M,,1,,,1,,2,5,2,,,,,4 5 6
τήνδε μοι ὀλβιόδωρος ὑπὲρ μνήμης γενετήρων,τήν#δε μοι ὀλ#βι#ό#δω#ρος ὑ#πὲρ μνή#μης γε#νε#τή#ρων,,12,7,hex,DDDSDS,,,,5F,,,1F,,5F,,1,,,,,1,2,3,,,,,1 4 6
δῶκεν Ἰουλιανὴ καὶ ὑπέρτατον ὤπασε κῦδος,δῶ#κεν Ἰ#ου#λι#α#νὴ καὶ ὑ#πέρ#τα#τον ὤ#πα#σε κῦ#δος,,12,8,hex,DDDDDT,,,,5M,,,1F,,5M,,,,,1,1,2,5,1,,,,,1 3 4 5 6
"μητέρι καὶ γενέτῃ καὶ ἀγακλέϊ μητρὶ τεκούσης,","μη#τέ#ρι καὶ γε#νέ#τῃ καὶ ἀ#γακ#λέ#ϊ μη#τρὶ τε#κού#σης,",,12,9,hex,DDDDDS,,,,5M,,,,,5M,,1,,,1,,2,2,2,,,,,2 6
κόσμον ἀεξήσασα παλαίτερον ἐς νέον ἔργον.,κόσ#μον ἀ#ε#ξή#σα#σα πα#λαί#τε#ρον ἐς νέ#ον ἔρ#γον.,,12,10,hex,DSDDDT,,,,5F,,,1F,,5F,,,,,1,1,2,2,3,,,,,1 4 6
"Κάλλος ἔχον καὶ πρόσθεν ἐπήρατον, ἀλλ᾽ ἐπὶ μορφῇ","Κάλ#λος ἔ#χον καὶ πρόσ#θεν ἐ#πή#ρα#τον, ἀλ#λ' ἐ#πὶ μορ#φῇ",,13,1,distih,DSDDDS,,,,,,B,1F,3M,5F,,,1,,1,1,3,4,3,,,,H?,1 3 4
Οὕτω γῆρας ἐμὸν μετὰ μητέρα καὶ μετὰ τηθὴν,Οὕ#τω γῆ#ρας ἐ#μὸν με#τὰ μη#τέ#ρα καὶ με#τὰ τη#θὴν,,14,1,distih,SDDDDS,,,,5M,,,1F,,5M,,1,,1,1,1,4,1,1,M,,,,1 2 3 5
"Ἦν ἄρα καὶ κάλλους ἔτι κάλλιον εὖτ' ἐμὸν ἔργον,","Ἦν ἄ#ρα καὶ κάλ#λους ἔ#τι κάλ#λι#ον εὖ#τ' ἐ#μὸν ἔρ#γον,",,15,1,hex,DSDDDT,,,,5M,,,1M,3M,5M,,1,,1,1,1,4,2,2,,,,,1 2 4 5 6
"καὶ πρὶν ἐὸν περίπυστον, ἀοίδιμον ἐς χθόνα πᾶσαν,","καὶ πρὶν ἐ#ὸν πε#ρί#πυσ#τον, ἀ#οί#δι#μον ἐς χθό#να πᾶ#σαν,",,15,2,hex,DDDDDT,,,,5F,,B,"1M, 1F",3M,5F,,,,,1,1,2,5,"3, 3",,,,,1 2 4 6
ἀγλαΐης προτέρης ἐς ὑπέρτερον ἤγαγε κάλλος,ἀγ#λα#ΐ#ης προ#τέ#ρης ἐς ὑ#πέρ#τε#ρον ἤ#γα#γε κάλ#λος,,15,3,hex,DDDDDT,,,,5M,,,,3M,5M,,,,,1,1,2,2,2,,,,,4 5 6
"τόσσον Ἰουλιανή, ὅσον ἄστρασιν ἀντιφερίζειν. ","τόσ#σον Ἰ#ου#λι#α#νή, ὅ#σον ἄσ#τρα#σιν ἀν#τι#φε#ρί#ζειν. ",,15,4,hex,DDDDDS,,,,5M,,,1F,,5M,,,,1,1,,2,2,1,,,,,1 3 4 6
Aὐτὴν ἐργοπόνοισιν ἐπιπνείουσαν ἀρωγὴν,Aὐ#τὴν ἐρ#γο#πό#νοι#σιν ἐ#πιπ#νεί#ου#σαν ἀ#ρω#γὴν,,16,1,distih,SDDSDS,,,,5F,,,,,5F,,1,,,,,1,1,3,,,,,
οὔποτε γὰρ τοῖόν τε τόσον τ' εὐδαίδαλον ἔργον,οὔ#πο#τε γὰρ τοῖ#όν τε τό#σον τ' εὐ#δαί#δα#λον ἔρ#γον,οὔποτε γὰρ τοῖόν τε τόσοντε εὐδαίδαλον ἔργον,16,3,distih,DSDSDT,DSDCrDT,,3M,,,,,3M,5F,,1,,,,1,2,2,1,,,,,1 2 3 5 6
Οὐκέτι θαυμάζεις προτέρων κλέος· οὐ διὰ τέχνης,Οὐ#κέ#τι θαυ#μά#ζεις προ#τέ#ρων κλέ#ος· οὐ δι#ὰ τέ#χνης,,17,1,hex,DSDDDS,,,,,,B,,,5M,,1,,,1,1,3,2,2,,,,,6
"εὖχος ἐν ὀψιγόνοις λίπον ἄσπετον, ὁσσάτιόν περ","εὖ#χος ἐν ὀ#ψι#γό#νοις λί#πον ἄσ#πε#τον, ὁσ#σά#τι#όν περ",,17,2,hex,DDDDDT,,,,,,B,1F,,5M,,1,,1,1,,3,2,3,,,,,1 4 6
"κῦδος Ἰουλιανῆς πινυτόφρονος, ἣ χάριν ἔργων","κῦ#δος Ἰ#ου#λι#α#νῆς πι#νυ#τόφ#ρο#νος, ἣ χά#ριν ἔρ#γων",,17,3,hex,DDDDDS,,,,,,B,1F,,5M,,,,,1,1,2,2,3,,,,,1 3 4 5 6
ἀρχεγόνων νίκησε νοήματα πάνσοφα φωτῶν.,ἀρ#χε#γό#νων νί#κη#σε νο#ή#μα#τα πάν#σο#φα φω#τῶν.,,17,4,hex,DSDDDS,,,,5F,,,,3M,5F,,,,,1,1,2,4,3,,,,,4 5
Τῆς ἀγαθῆς ἀγαθὸς μὲν ἐγὼ κύκλος Ἀγαθονίκης,Τῆς ἀ#γα#θῆς ἀ#γα#θὸς μὲν ἐ#γὼ κύ#κλος Ἀ#γα#θο#νί#κης,,18,1,distih,DDDDTbS,,,,5F,,,1M,3M,5F,7M,,,,1,,1,2,1,,,,,1 2 3 4 6
"Ὦ, πυρὸς ἀενάοιο σοφὴν ὠδῖνα φυλάσσων,","Ὦ, πυ#ρὸς ἀ#εν#ά#οι#ο σο#φὴν ὠ#δῖ#να φυ#λάσ#σων,",,19,1,hex,DDDSDS,,,,5F,,,1M,,5F,7M,1,,,,,1,2,3,,,,,1 4 5 6
"ἐμβεβαὼς κόσμοιο παλινδίνητον ἀνάγκην,","ἐμ#βε#βα#ὼς κόσ#μοι#ο πα#λιν#δί#νη#τον ἀ#νάγ#κην,",,19,2,hex,DSDSDS,,,3M,,,,,3M,5F,,,,,,,0,2,1,,,,,2 6
"Χριστέ, θεοῤῥήτοιο βίου φυσίζοε πηγή,","Χρισ#τέ, θε#οῤ#ῥή#τοι#ο βί#ου φυ#σί#ζο#ε πη#γή,",,19,3,hex,DSDSDS,,1F,,,7M,,1F,,5F,7M,,,,,1,1,1,2,,,,,5
"πατρὸς ἀσημάντοιο θεοῦ πρωτόσπορε φωνή,","πατ#ρὸς ἀ#ση#μάν#τοι#ο θε#οῦ πρω#τόσ#πο#ρε φω#νή,",,19,4,hex,DSDSDS,,,,,7M,,1F,,5F,7M,,,,,1,1,1,4,,,,,4 5
ὃς μετὰ μητρῴων τοκετῶν ἐγκύμονα φόρτον,ὃς με#τὰ μητ#ρῴ#ων το#κε#τῶν ἐγ#κύ#μο#να φόρ#τον,,19,5,hex,DSDSDT,,,,,7M,,1M,,5M,7M,1,,,,1,2,2,4,,,,,1 4 5 6
καὶ γόνον αὐτοτέλεστον ἀνυμφεύτων ὑμεναίων,καὶ γό#νον αὐ#το#τέ#λεσ#τον ἀ#νυμ#φεύ#των ὑ#με#ναί#ων,,19,6,hex,DDDSDS,,,,5F,,,1M,,5F,,1,,,,,1,2,3,,,,,1 6
"στήσας ἄσσυρίης γενεῆς ἑτερόφρονα λύσσαν,","στή#σας ἄσ#συ#ρί#ης γε#νε#ῆς ἑ#τε#ρόφ#ρο#να λύσ#σαν,",,19,7,hex,SDDDDT,,,,,7M,,,,5M,7M,1,,,,1,2,2,4,,,,,1 2 4 5 6
"ὄργια δ' εἰδώλων κενεῶν ψευδώνυμα λύσας,","ὄρ#γι#α δ' εἰ#δώ#λων κε#νε#ῶν ψευ#δώ#νυ#μα λύ#σας,",,19,8,hex,DSDSDS,,,,,7M,,,,5M,7M,1,,,,1,2,2,4,,,,,1 4 5 6
"αἰθέρος ἀμφιβέβηκας ἐφ' ἑπτάζωνον ὀχῆα,","αἰ#θέ#ρος ἀμ#φι#βέ#βη#κας ἐ#φ' ἑπ#τά#ζω#νον ὀ#χῆ#α,",,19,9,hex,DDDSDT,,,,5F,,,,,5F,,1,,,,,1,5,3,,,,,6
"ἀγγελικαῖς πτερύγεσσιν ἐν ἀῤῥήτοισι θαάσσων,","ἀγ#γε#λι#καῖς πτε#ρύ#γεσ#σιν ἐν ἀῤ#ῥή#τοι#σι θα#άσ#σων,",,19,10,hex,DDDSDS,,,,5F,,,,3M,5F,,,,1,,,1,2,3,,,,,2 6
"ἵλαθι, παγγενέταο θεοῦ πρεσβήϊον ὄμμα,","ἵ#λα#θι, παγ#γε#νέ#τα#ο θε#οῦ πρεσ#βή#ϊ#ον ὄμ#μα,",,19,11,hex,DDDSDT,,,,,7M,,,,5F,7M,1,,,,1,2,2,4,,,,,1 4 5 6
"φρουρὲ βίου, σῶτερ μερόπων, αἰῶνος ἀνάσσων.","φρου#ρὲ βί#ου, σῶ#τερ με#ρό#πων, αἰ#ῶ#νος ἀ#νάσ#σων.",,19,12,hex,DSDSDS,,,3M,,7M,,1F,3M,5M,7M,,,,,,0,2,"2, 2",,,,,5 6
"Ἀρτιφανές, †πολιοῦχε, παλαιγενές, υἱὲ νεογνέ,","Ἀρ#τι#φα#νές, †πο#λι#οῦ#χε, πα#λαι#γε#νές, υἱ#ὲ νε#ογ#νέ,",,20,1,hex,DDDDDT,,,3M,5F,,B,,3M,5F,,,,,1,,1,1,"1, 5, 2",,,,,2 3 
"αἰὲν ἐὼν προεών τε, ὑπέρτατε, ὕστατε, Χριστέ,","αἰ#ὲν ἐ#ὼν προ#ε#ών τε, ὑ#πέρ#τα#τε, ὕσ#τα#τε, Χρισ#τέ,",,20,2,hex,DDDDDT,,,,5F,,B,1F,3M,5F,,,,,1,1,2,1,"2, 3",,,,,2 3 4 5
"ἀθανάτοιο πατρός τε ὁμόχρονε, πάμπαν ὁμοῖε...","ἀ#θα#νά#τοι#ο πα#τρός τε ὁ#μόχ#ρο#νε, πάμ#παν ὁ#μοῖ#ε...",,20,3,hex,DDDDDT,,,,5F,,B,,3F,5F,,,,,1,,1,5,"2, 3",M,,,,3 4 5 6
"Παῖ, γέρον, αἰώνων προγενέστερε, πατρὸς ὁμῆλιξ…","Παῖ, γέ#ρον, αἰ#ώ#νων προ#γε#νέσ#τε#ρε, πατ#ρὸς ὁ#μῆ#λιξ…",,21,1,hex,DSDDDS,,,,,,B,1M,,5M,,1,,,1,,2,5,3,,,,,1 4 6 
"Πατρὸς ἐπουρανίου λόγε πάνσοφε, κοίρανε κόσμου,","Πατ#ρὸς ἐ#που#ρα#νί#ου λό#γε πάν#σο#φε, κοί#ρα#νε κόσ#μου,",,22,1,hex,DDDDDS,,,,,,B,1F,,5M,,,,1,1,1,3,2,3,,,,,4 5 6
"ὁ βροτέην γενεὴν τιμήσας εἰκόνι σεῖο,","ὁ βρο#τέ#ην γε#νε#ὴν τι#μή#σας εἰ#κό#νι σεῖ#ο,",,22,2,hex,DDSSDT,,,,,,B,1M,3M,5M,,,,,1,1,2,5,2,,,N,,3 4 6
σὴν χάριν ἄμμιν ὄπαζε καὶ ὀλβιόδωρον ἀρωγήν·,σὴν χά#ριν ἄμ#μιν ὄ#πα#ζε καὶ ὀλ#βι#ό#δω#ρον ἀ#ρω#γήν·,,22,3,hex,DDDDDS,,,,5F,,,1M,,5F,,1,,1,,,2,1,3,M,,,,1 2 
εἰς σὲ γὰρ εἰσορόωσιν ἐν ἐλπίσιν ὄμματα πάντων.,εἰς σὲ γὰρ εἰ#σο#ρό#ω#σιν ἐν ἐλ#πί#σιν ὄμ#μα#τα πάν#των.,,22,4,hex,DDDDDS,,,,5F,,B,"1M, 1F",,5F,,1,,1,1,1,4,2,"3, 2",,,,,5 6
"Ἀθανάτου πατρὸς υἱὲ συνάχρονε, κοίρανε πάντων,","Ἀ#θα#νά#του πα#τρὸς υἱ#ὲ συ#νάχ#ρο#νε, κοί#ρα#νε πάν#των,",,23,1,distih,DDDDDS,,,,,,B,,3M,5F,,,1,,1,1,3,2,3,,,,,4 5 6
"δμωῒ τεῷ, τῷ τήνδε βίβλον γράψαντι Μαρίνῳ,","δμω#ῒ τε#ῷ, τῷ τήν#δε βί#βλον γρά#ψαν#τι Μα#ρί#νῳ,",,23,3,distih,DSDSDS,,,3M,,,,,,5F,7M,,1,,,,1,2,4,,,,H?,2 3 6
"Σύνθρονε καὶ συνάναρχε τεῷ πατρὶ πνεύματί τ' ἐσθλῷ,","Σύν#θρο#νε καὶ συ#νά#ναρ#χε τε#ῷ πα#τρὶ πνεύ#μα#τί τ' ἐσ#θλῷ,",,24,1,hex,DDDDDS,,,,5F,,,,3M,5F,7M,1,,,1,1,3,4,3,,,,,1 2 4 5
"οἰχομένων ὄντων τε καὶ ἐσσομένων βασιλεύων,","οἰ#χο#μέ#νων ὄν#των τε καὶ ἐσ#σο#μέ#νων βα#σι#λεύ#ων,",,24,2,hex,DSDDDS,,,,5F,,,,3M,5F,,,,1,,,1,2,3,,,,,6
"τῷ ταῦτα γράψαντι τεὴν χάριν αὐτὸς ὀπάζοις,","τῷ ταῦ#τα γρά#ψαν#τι τε#ὴν χά#ριν αὐ#τὸς ὀ#πά#ζοις,",,24,3,hex,SSDDDS,,,,5F,,,1M,3M,5F,7M,,,,1,,1,2,2,,,,,1 4 6
ὄφρα κε σῇς ἐφετμῇσι καλῶς βίου οἶμον ὁδεύοι.,ὄφ#ρα κε σῇς ἐ#φετ#μῇ#σι κα#λῶς βί#ου οἶ#μον ὁ#δεύ#οι.,,24,4,hex,DDDDDS,,,,5F,,,1F,3M,5F,7M,1,,,1,,2,2,5,,,,,1 2 3 4 5 6
"Χριστέ, θεοῦ σοφίη, κόσμου μεδέων καὶ ἀνάσσων,","Χρισ#τέ, θε#οῦ σο#φί#η, κόσ#μου με#δέ#ων καὶ ἀ#νάσ#σων,",,25,1,hex,DDSDDS,,1F,,5M,,,1F,3M,5M,7M,,,,,,0,2,2,,,,,2 6
"ἡμετέρην τὸ πάροιθε πλάσας μεροπηΐδα φύτλην,","ἡ#με#τέ#ρην τὸ πά#ροι#θε πλά#σας με#ρο#πη#ΐ#δα φύτ#λην,",,25,2,hex,DDDDDS,,,,5F,,,,3M,5F,7M,,,,,1,1,2,3,M?,,,,6
δός με θέειν βίου οἶμον ἐν ὑμετέραις ἐφετμῇσι.,δός με θέ#ειν βί#ου οἶ#μον ἐν ὑ#με#τέ#ραις ἐ#φετ#μῇ#σι.,,25,3,hex,DDDDDT,,,,5F,,,"1M, 1F",3M,5F,,,1,1,,,2,5,5,,,,,1 3 6
"Ὑψιμέδων θεοῦ υἱέ, φαεσφόρον ἀΐδιον φῶς,","Ὑ#ψι#μέ#δων θε#οῦ υἱ#έ, φα#εσ#φό#ρον ἀ#ΐ#δι#ον φῶς,","Ὑψιμέδων θεοῦ υἱέ, φωσφόρον ἀΐδιον φῶς,",26,1,hex,DDDDDS,DDTDDS,,,5F,,,,3M,5F,,,1,,1,,2,4,1,,,,,
"σήν μοι ὄπαζε χάριν καὶ νῦν καὶ ἔπειτα καὶ αἰεί,","σήν μοι ὄ#πα#ζε χά#ριν καὶ νῦν καὶ ἔ#πει#τα καὶ αἰ#εί,","σήν μοι ὤπαζε χάριν καὶ νῦν καὶ ἔπειτα καὶ αἰεί,",26,2,hex,DDSDDS,CrDSDDS,,,5M,,,"1M, 1F",3F,5M,7M,,,1,,1,2,1,2,M,H,,,1 4 
ὡς προθέλυμνον ἐοῦσαν ὅτῳ καὶ ὅπῃ κατανεύσεις.,ὡς προ#θέ#λυμ#νον ἐ#οῦ#σαν ὅ#τῳ καὶ ὅ#πῃ κα#τα#νεύ#σεις.,ὡς προθέλυμνον ὄυσαν οὕτω καὶ ὅπῃ κατανεύσεις.,26,3,hex,DDDDDS,DTCrDDS,,,5F,,,1M,3F,5F,,,,,,,0,2,5,M,H,,,3 6
"Πανσθενὲς υἱὲ θεοῦ, Χριστέ, προάναρχε ἁπάντων,","Παν#σθε#νὲς υἱ#ὲ θε#οῦ, Χρισ#τέ, προ#ά#ναρ#χε ἁ#πάν#των,",,27,1,hex,DDSDDS,,,,5M,7M,,,,5M,7M,1,,,,,1,2,"4, 1",M,,,,3 4 6
"πᾶσιν ἐπιχθονίοις σωτήρια νάματα βλύζων,","πᾶ#σιν ἐ#πιχ#θο#νί#οις σω#τή#ρι#α νά#μα#τα βλύ#ζων,",,27,2,hex,DDSDDS,,,,5M,,,1F,,5M,,,,,1,1,2,2,2,,,,,1 4 5 6
"μητρὸς ἀπειρογάμοιο τεῆς λιτέων ἐπακούων,","μητ#ρὸς ἀ#πει#ρο#γά#μοι#ο τε#ῆς λι#τέ#ων ἐ#πα#κού#ων,",,27,3,hex,DDDDDS,,,,5F,,,1F,,5F,7M,,,,,,0,2,3,,,,,4 6
σὴν χάριν ἄμμιν ὄπαζε καὶ ἐν μύθοις καὶ ἐν ἔργοις.,σὴν χά#ριν ἄμ#μιν ὄ#πα#ζε καὶ ἐν μύ#θοις καὶ ἐν ἔρ#γοις.,,27,4,hex,DDDSDS,,,,5F,,,1M,3F,5F,,1,,1,,1,3,2,3,M,,,,1 2 6
"Xριστέ, θεοῦ σοφίη, χάριν ἔμπασον εὐεπιάων","Xρισ#τέ, θε#οῦ σο#φί#η, χά#ριν ἔμ#πα#σον εὐ#ε#πι#ά#ων",,28,1,distih,DDDDDS,,1F,,5M,,,1F,3M,5M,,,,1,1,,2,2,2,,,,,2 4 6
"ὃς τόδε τεῦχος ἔγραψεν ἑαῖς χείρεσσι Μαρῖνος,","ὃς τό#δε τεῦ#χος ἔ#γρα#ψεν ἑ#αῖς χεί#ρεσ#σι Μα#ρῖ#νος,","ὃς τόδε τεῦχος ἔγραψεν ἑαῖς χερσὶ Μαρῖνος,",28,3,distih,DDDSDT,DDDSPT,,,5F,,,1M,3F,5F,,1,,,,,1,5,3,M,,,,1 2 4 6
"Χριστέ, τεὴν προΐαλλε χάριν καμάτοισιν ἐμεῖο.","Χρισ#τέ, τε#ὴν προ#ΐ#αλ#λε χά#ριν κα#μά#τοι#σιν ἐ#μεῖ#ο.","Χριστέ, τεὴν προῒ ἄλλοις χάριν καμάτοισιν ἐμεῖο.",29,1,hex,DDDDDT,DDAbaccDDT,1F,,,7M,,1F,3M,5F,7M,,,,,,0,2,2,,,,,2 6
Ὁ Χριστὸς καὶ ἐμοῖς ἐπιτάῤῥοθος ἔσσεται ἔργοις.,Ὁ Χρισ#τὸς καὶ ἐ#μοῖς ἐ#πι#τάῤ#ῥο#θος ἔσ#σε#ται ἔρ#γοις.,,29,2,hex,SDDDDS,,,,,,B,1M,3M,5M,,,,,1,1,2,2,3,M,,,,2 3 4 5 6
Χριστὸς ἐμοῖς καμάτοισιν ἀρηγόνα χεῖρα τιταίνοι.,Χρισ#τὸς ἐ#μοῖς κα#μά#τοι#σιν ἀ#ρη#γό#να χεῖ#ρα τι#ταί#νοι.,,29,3,hex,DDDDDS,,,,5F,,,1F,3M,5F,,,,,1,,1,2,3,,,,,2 5 6
"Χριστέ, σύ μοι προΐαλλε τεὴν πολύολβον ἀρωγήν.","Χρισ#τέ, σύ μοι προ#ΐ#αλ#λε τε#ὴν πο#λύ#ολ#βον ἀ#ρω#γήν.",,29,4,hex,DDDDDS,,1F,,5F,,,1F,3M,5F,,1,,,,,1,1,3,,,,,4
"Χριστέ, τεὴν καμάτοισιν ἐμοῖς χάριν αὐτὸς ὀπάζοις.","Χρισ#τέ, τε#ὴν κα#μά#τοι#σιν ἐ#μοῖς χά#ριν αὐ#τὸς ὀ#πά#ζοις.",,29,5,hex,DDDDDS,,1F,,,,B,1F,3M,5F,7M,,,,1,,1,2,2,,,,,2 4 6
"Χριστὲ μάκαρ, μερόπων φάος ἄφθιτον, ἐλπὶς ἁπάντων,","Χρισ#τὲ μά#καρ, με#ρό#πων φά#ος ἄφ#θι#τον, ἐλ#πὶς ἁ#πάν#των,",,30,1,hex,DDDDDS,,,3M,,,B,1F,3M,5M,,,,1,1,,2,2,"2, 3",,,,,4 6
"ἐσθλὰ δίδου χατέουσι, τὰ δ' οὐ καλὰ νόσφιν ἐρύκοις.","ἐσ#θλὰ δί#δου χα#τέ#ου#σι, τὰ δ' οὐ κα#λὰ νόσ#φιν ἐ#ρύ#κοις.",,30,2,hex,DDDDDS,,,,5F,,,1F,3M,5F,,,,1,1,,2,2,3,,,,,5 6
"Παμμεδέοντα, ἄνασσα, θεοῖο γόνον, τεόν υἱόν,","Παμ#με#δέ#ον#τα, ἄ#νασ#σα, θε#οῖ#ο γό#νον, τε#όν υἱ#όν,",,31,1,hex,DDDDDT,,,3F,5F,,,,3F,5F,7F,,,,,1,1,1,"3, 3",M,H,,,4
"ἄγγελοι ὃν τρομέουσι, τεῇς παλάμῃσι κρατοῦσα,","ἄγ#γε#λοι ὃν τρο#μέ#ου#σι, τε#ῇς πα#λά#μῃ#σι κρα#τοῦ#σα,",,31,2,hex,DDDDDT,,,,5F,,,,3M,5F,7M,1,,,,,1,5,3,,,,,1 2 4 6
"πρευμενέα πραπίδεσσιν ὑπὲρ μερόπων τελέουσα,","πρευ#με#νέ#α πρα#πί#δεσ#σιν ὑ#πὲρ με#ρό#πων τε#λέ#ου#σα,",,31,3,hex,DDDDDT,,,,5F,,,,3M,5F,,,,,,,0,3,3,,,,,4
ῥύεο συντηροῦσα ἀπήμονα κόσμον ἅπαντα.,ῥύ#ε#ο συν#τη#ροῦ#σα ἀ#πή#μο#να κόσ#μον ἅ#παν#τα.,,31,4,hex,DSDDDT,,,,,,B,1F,,5F,,1,,,1,,2,3,3,,,,,1 3 4 5
"Ὥδε ταλαιπαθέων χραισμήϊα θέσκελα κεῖται,","Ὥ#δε τα#λαι#πα#θέ#ων χραισ#μή#ϊ#α θέσ#κε#λα κεῖ#ται,",,32,1,distih,DDSDDS,,,,5M,,,1F,,5M,,,,,1,1,2,5,2,,,,,1 4 5 6
καὶ γὰρ ἀνιάζουσα πόνων φύσις αὐτίκα φεύγει,καὶ γὰρ ἀ#νι#ά#ζου#σα πό#νων φύ#σις αὐ#τί#κα φεύ#γει,,32,3,distih,DSDDDS,,,,5F,,,"1M, 1F",,5F,7M,,,,1,1,2,2,3,,,,,1 6
Ὡς θρασὺ μορφῶσαι τὸν ἀσώματον. Ἀλλὰ καὶ εἰκὼν,Ὡς θρα#σὺ μορ#φῶ#σαι τὸν ἀ#σώ#μα#τον. Ἀλ#λὰ καὶ εἰ#κὼν,,33,1,distih,DSDDDS,,,,,,B,1M,,5M,,1,,,1,1,3,1,3,,,,,4
"Ἄσκοπον ἀγγελίαρχον, ἀσώματον εἴδεϊ μορφῆς ‒","Ἄσ#κο#πον ἀγ#γε#λί#αρ#χον, ἀ#σώ#μα#τον εἴ#δε#ϊ μορ#φῆς –",,34,1,distih,DDDDDS,,,,,,B,,,5F,,1,,,1,1,3,4,3,,,,,1 4 5 
"Ἔμπης οὐκ ἀχάριστον, ἐπεὶ βροτὸς εἰκόνα λεύσσων","Ἔμ#πης οὐκ ἀ#χά#ρισ#τον, ἐ#πεὶ βρο#τὸς εἰ#κό#να λεύσ#σων",,34,3,distih,SDDDDS,,,,5F,,,,,5F,,1,,,1,1,3,2,3,,,,,1 4 6
"οὐκέτι δ' ἀλλοπρόσαλλον ἔχει σέβας, ἀλλ' ἐν ἑαυτῷ","οὐ#κέ#τι δ' ἀλ#λο#πρό#σαλ#λον ἔ#χει σέ#βας, ἀλ#λ' ἐν ἑ#αυ#τῷ",,34,5,distih,DDDDDS,,,,,,B,,,5F,7M,1,,,1,,2,4,2,,,,,
ὄμματα δ' ὀτρύνουσι βαθὺν νόον· οἶδε δὲ τέχνη,ὄμ#μα#τα δ' ὀτ#ρύ#νου#σι βα#θὺν νό#ον· οἶ#δε δὲ τέχ#νη,,34,7,distih,DSDDDS,,,,,,B,,,5F,7M,1,,,1,1,3,2,2,,,,,1  4 5 6
"Καρικὸς Αἰμιλιανὸς Ἰωάννης τε σὺν αὐτῷ,","Κα#ρι#κὸς Αἰ#μι#λι#α#νὸς Ἰ#ω#άν#νης τε σὺν αὐ#τῷ,",,35,1,distih,DDDSDS,,,,5F,,,,,5F,,1,,,,1,2,4,1,,,,,
"τέτρατον, ἀγγελίαρχε, νόμων λυκάβαντα λαχόντες","τέτ#ρα#τον, ἀγ#γε#λί#αρ#χε, νό#μων λυ#κά#βαν#τα λα#χόν#τες",,35,3,distih,DDDDDT,,,,5F,,,,,5F,7M,1,,,,,1,2,3,,,,,1  6
αἰτοῦντες τὸν ἔπειτα καλὸν χρόνον. Ἀλλὰ φανείης,αἰ#τοῦν#τες τὸν ἔ#πει#τα κα#λὸν χρό#νον. Ἀλ#λὰ φα#νεί#ης,,35,5,distih,SDDDDS,,,,,,B,,3M,5F,7M,,,,1,,1,2,2,M?,,,,4 6
"Ἵλαθι μορφωθείς, ἀρχάγγελε. Σὴ γὰρ ὀπωπὴ","Ἵ#λα#θι μορ#φω#θείς, ἀρ#χάγ#γε#λε. Σὴ γὰρ ὀ#πω#πὴ",,36,1,distih,DSSDDS,,,,5M,,B,,,5M,,1,,,1,,2,1,"1, 3",,,,,1 3 4 5
Ἐκ σέο γὰρ Θεόδωρος ἔχει ζωστῆρα μαγίστρου,Ἐκ σέ#ο γὰρ Θε#ό#δω#ρος ἔ#χει ζωσ#τῆ#ρα μα#γίσ#τρου,,36,3,distih,DDDSDS,,,3M,,7M,,1M,3M,5F,7M,1,,,,,1,2,"1, 2",,,,,2 5 6
Τῆς δ' εὐγνωμοσύνης μάρτυς γραφίς· ὑμετέρην γὰρ,Τῆς δ' εὐγ#νω#μο#σύ#νης μάρ#τυς γρα#φίς· ὑ#με#τέ#ρην γὰρ,,36,5,distih,SDSDDS,,,,,,B,1M,,5M,7M,,,,1,,1,3,1,,,,,1
"Σάλπιγγες, στεροπαί, γαῖα τρέμει· ἀλλ' ἐπὶ μήτρην","Σάλ#πιγ#γες, στε#ρο#παί, γαῖ#α τρέ#μει· ἀλ#λ' ἐ#πὶ μή#τρην",,37,1,distih,SDSDDS,,,3M,5M,,B,,3M,5M,7M,,,,1,1,2,2,"3, 1, 2",,,,,1 3 6
"Oὐρανὸς ἡ φάτνη, καὶ οὐρανοῦ ἔπλετο μείζων·","Oὐ#ρα#νὸς ἡ φάτ#νη, καὶ οὐ#ρα#νοῦ ἔπ#λε#το μεί#ζων·",,38,1,distih,DSSDDS,,,,5M,,,,,5M,,1,,1,1,1,4,2,2,,,,,5 6
"Εἷς χορός, ἓν μέλος ἀνθρώποισι καὶ ἀγγελιώταις,","Εἷς χο#ρός, ἓν μέ#λος ἀν#θρώ#ποι#σι καὶ ἀγ#γε#λι#ώ#ταις,",,39,1,distih,DDSDDS,,,,,,,1M,3M,,7F,1,1,,1,,3,2,,,H,,,1 2 6
"Οὐρανὸς ἡ φάτνη, καὶ οὐρανοῦ ἔπλετο μείζων, ","Οὐ#ρα#νὸς ἡ φάτ#νη, καὶ οὐ#ρα#νοῦ ἔπ#λε#το μεί#ζων, ",,40,1,hex,DSSDDS,,,,5M,,,,,5M,,1,,1,1,1,4,2,2,,,,,5 6
οὕνεκεν ὅνπερ ἔδεκτο ἄναξ πέλεν οὐρανιώνων.,οὕ#νε#κεν ὅν#περ ἔ#δεκ#το ἄ#ναξ πέ#λεν οὐ#ρα#νι#ών#ων.,,40,2,hex,DDDDDS,,,,5F,,,,3F,5F,7M,1,,,1,,2,2,3,M,,,,1 2 6
Οὐκέτι δῶρ' ἀνάγουσι μάγοι πυρὶ ἠελίῳ τε· ,Οὐ#κέ#τι δῶ#ρ' ἀ#νά#γου#σι μά#γοι πυ#ρὶ ἠ#ε#λί#ῳ τε· ,,41,1,hex,DDDDDT,,,,,7M,,,,5F,7M,1,,,1,,2,3,2,,,,,2
"ἠέλιον γὰρ ἔτευξε τόδε βρέφος, ὡς πυρὸς αὐγάς.","ἠ#έ#λι#ον γὰρ ἔ#τευ#ξε τό#δε βρέ#φος, ὡς πυ#ρὸς αὐ#γάς.",,41,2,hex,DDDDDS,,,,,,B,,3F,5F,7M,,,,1,1,2,1,2,M,,,,
"Δέχνυσο, Βηθλεέμ, ὃν προέειπε προφήτης ἐσθλὸς ","Δέχ#νυ#σο, Βηθ#λε#έμ, ὃν προ#έ#ει#πε προ#φή#της ἐσ#θλὸς ",,42,1,hex,DDDDST,,,,,,,,,5M,7F,1,1,,,1,3,1,,,H,,,1 3 5
ἵξεσθαι λαῶν ἡγούμενον ἐκ σοῦ ἁπάντων.,ἵ#ξεσ#θαι λα#ῶν ἡ#γού#με#νον ἐκ σοῦ ἁ#πάν#των.,,42,2,hex,SSSDDS,,,,,,B,,3M,5M,,,,,1,,1,2,3,,,,,1 3 4 6
"Τίπτε, Ῥαχήλ, γοόωσα πικρὸν κατὰ δάκρυον εἴβεις;","Τίπ#τε, Ῥα#χήλ, γο#ό#ω#σα πι#κρὸν κα#τὰ δάκ#ρυ#ον εἴ#βεις;","Τίπτε, Ῥαχήλ, γόωσα πικρὸν κατὰ δάκρυον εἴβεις;",43,1,hex,DDDDDS,DTDDDS,1F,3M,,,,1F,3M,5F,7M,,,,1,1,2,2,1,,,,,1 2 4 5 6
Ὀλλυμένην ὁρόωσα γονὴν κατὰ δάκρυον εἴβω.,Ὀλ#λυ#μέ#νην ὁ#ρό#ω#σα γο#νὴν κα#τὰ δάκ#ρυ#ον εἴ#βω.,,43,2,hex,DDDDDS,,,,,7M,,,3M,5F,7M,,,,1,1,2,2,1,,,,,4 5 6
"Χαῖρε, κόρη χαρίεσσα, μακαρτάτη, ἄφθορε νύμφη· ","Χαῖ#ρε, κό#ρη χα#ρί#εσ#σα, μα#καρ#τά#τη, ἄφ#θο#ρε νύμ#φη· ",,44,1,hex,DDDDDS,,,,5F,,B,1F,3M,5F,,,,,1,1,2,2,"3, 2",,,,,1 5 6
υἷα θεοῦ λαγόνεσσιν ἄτερ πατρὸς ἔμβρυον ἕξεις.,υἷ#α θε#οῦ λα#γό#νεσ#σιν ἄ#τερ πατ#ρὸς ἔμ#βρυ#ον ἕ#ξεις.,,44,2,hex,DDDDDS,,,,5F,,,1F,3M,5F,,,,,1,1,2,2,3,,,,,1 2 5 6
Ἔνδοθι γαστρὸς ἐὼν σκιρτήμασιν εἶπε προφήτης ,Ἔν#δο#θι γασ#τρὸς ἐ#ὼν σκιρ#τή#μα#σιν εἶ#πε προ#φή#της ,,45,1,hex,DDSDDS,,,,5M,,,,3F,5M,,1,,,1,,2,2,1,M,,,,1 3 4 5 6
"σὸν γόνον ὡς θεός ἐστι, καὶ ᾔνεσε πότνια μήτηρ.","σὸν γό#νον ὡς θε#ός ἐσ#τι, καὶ ᾔ#νε#σε πότ#νι#α μή#τηρ.",,45,2,hex,DDDDDS,,,,5F,,,1M,3M,5F,,1,1,1,1,1,5,2,3,,,,,1 4 5 6
"Πρεσβύτα, παῖδα δέχοιο, Ἀδὰμ προγενέστερον ὄντα, ","Πρεσ#βύ#τα, παῖ#δα δέ#χοι#ο, Ἀ#δὰμ προ#γε#νέσ#τε#ρον ὄν#τα, ",,46,1,hex,DDDDDT,,,,5F,,,,3F,5F,7M,1,,,,1,2,2,3,M,,,,2 4 5 6
ὅς σε βίου λύσει τε καὶ ἐς βίον ἄφθιτον ἄξει.,ὅς σε βί#ου λύ#σει τε καὶ ἐς βί#ον ἄφ#θι#τον ἄ#ξει.,,46,2,hex,DSDDDS,,,,5F,,,,3M,5F,,,,1,1,1,3,2,3,,,,,1 5 6
"Πατρὸς ἀπ' ἀθανάτοιο μέγα σθένος ἤλυθε πνεῦμα, ","Πατ#ρὸς ἀ#π' ἀ#θα#νά#τοι#ο μέ#γα σθέ#νος ἤ#λυ#θε πνεῦ#μα, ",,47,1,hex,DDDDDT,,,,5F,,,1F,,5F,7M,,,,1,1,2,5,3,,,,,5 6
υἱὸς ἐπεὶ βαπτίζετ' Ἰορδάνου ἀμφὶ ῥέεθρα.,υἱ#ὸς ἐ#πεὶ βαπ#τί#ζε#τ' Ἰ#ορ#δά#νου ἀμ#φὶ ῥέ#ε#θρα.,,47,2,hex,DSDDDT,,,,5F,,,1F,3M,5F,,,,,1,,1,3,2,,,,,2 3 
Ἀδὰμ <ἐν> ἦν ζο<φερῷ>..... ,Ἀ#δὰμ <ἐν> ἦν ζο<#φε#ρῷ>..... ,,48,1,hex?,DD...,,,,,,,1F,,,,,,,,,0,,,,,,,2 3...
"Χριστὸς ἔφη· „Πρόμολ' ὧδε“, καὶ ἔλλιπε Λάζαρος ᾅδην,","Χρισ#τὸς ἔ#φη· „Πρό#μο#λ' ὧ#δε“, καὶ ἔλ#λι#πε Λά#ζα#ρος ᾅ#δην,",,49,1,hex,DDDDDS,,,3M,5F,,,1F,3M,5F,,,,1,1,1,3,2,"2, 5",,,,,3 4 5 6
αὐαλέῳ μυκτῆρι παλίνσοον ἆσθμα κομίζων.,αὐ#α#λέ#ῳ μυκ#τῆ#ρι πα#λίν#σο#ον ἆσ#θμα κο#μί#ζων.,,49,2,hex,DSDDDS,,,,5F,,,,3M,5F,,,,,1,,1,2,5,,,,,3 4 5  6
"Ψυχὴν αὐτὸς ἔτευξε, δέμας μόρφωσεν ὁ αὐτός· ","Ψυ#χὴν αὐ#τὸς ἔ#τευ#ξε, δέ#μας μόρ#φω#σεν ὁ αὐ#τός· ",,50,1,distih,SDDSDT,,,,5F,,,,3F,5F,7M,1,,,,1,2,1,3,M,,,,
"Τέτρατον ἦμαρ ἔην, καὶ Λάζαρος ἔγρετο τύμβου.","Τέτ#ρα#τον ἦ#μαρ ἔ#ην, καὶ Λά#ζα#ρος ἔγ#ρε#το τύμ#βου.",,51,1,hex,DDSDDS,,,,5M,,,,3F,5M,,1,,1,1,1,4,2,2,M,,,,1 2 4 5 6
"Χαῖρε, Σιὼν θύγατερ, καὶ δέρκεο Χριστὸν ἄνακτα ","Χαῖ#ρε, Σι#ὼν θύ#γα#τερ, καὶ δέρ#κε#ο Χρισ#τὸν ἄ#νακ#τα ",,52,1,hex,DDSDDT,,1F,,5M,,,1F,3M,5M,,,,1,1,,2,3,3,,,,,1 2 4 
πώλῳ ἐφεζόμενον καὶ ἐς πάθος αἶψα κιόντα.,πώ#λῳ ἐ#φε#ζό#με#νον καὶ ἐς πά#θος αἶ#ψα κι#όν#τα.,,52,2,hex,DDSDDT,,,,5M,,,1F,,5M,,,,1,1,,2,2,3,,,,,1 5 6
Ἀμνὸν ἔπαυσε νόμου καὶ ἄμβροτον ὤπασε θῦμα,Ἀμ#νὸν ἔ#παυ#σε νό#μου καὶ ἄμ#βρο#τον ὤ#πα#σε θῦ#μα,,53,1,distih,DDSDDT,,,,5M,,,1F,3F,5M,,,,1,1,1,3,5,2,M,,,,4 5 6
"Ὦ, πάθος, ὦ, σταυρός, παθέων ἐλατήριον αἷμα,","Ὦ, πά#θος, ὦ, σταυ#ρός, πα#θέ#ων ἐ#λα#τή#ρι#ον αἷ#μα,","Ὦ, πάθος, ὦ, σταυρός, παθῶν ἐλατήριον αἷμα,",54,1,distih,DSDDDT,DSTDDT,,,5M,,,1M,3M,5M,7M,1,,,,1,2,5,1,,,,,1 2 3 5 6
"Παρθένου υἱὸν ἔφη τὸν παρθένον, ἄλλον ἑαυτόν. ","Παρ#θέ#νου υἱ#ὸν ἔ#φη τὸν παρ#θέ#νον, ἄλ#λον ἑ#αυ#τόν. ",,55,1,distih,DDSDDT,,,,,,B,,3F,5M,,1,,1,1,,3,1,2,M?,,,,5
Χριστὸς ἐὼν θεὸς εἷλε νέκυς ἐξ ᾅδου πάντας·,Χρισ#τὸς ἐ#ὼν θε#ὸς εἷ#λε νέ#κυς ἐξ ᾅ#δου πάν#τας·,,56,1,hex,DDDSST,,,,5F,,,1F,3M,5F,7M,,1,,1,1,3,2,5,,,N?,,2 3 5 6
μοῦνον δὲ βροτολοιγὸν ἀκήριον ἔλλιπεν ᾍδην.,μοῦ#νον δὲ βρο#το#λοι#γὸν ἀ#κή#ρι#ον ἔλ#λι#πεν ᾍ#δην.,,56,2,hex,SDDDDS,,,,5F,,,,3M,5F,,1,,,1,1,3,2,1,,,,,1 2 4 5 6 
Ψυχῆς ἐν φλιῇσιν ἐμῆς σωτήριον αἷμα ,Ψυ#χῆς ἐν φλι#ῇ#σιν ἐ#μῆς σω#τή#ρι#ον αἷ#μα ,,57,1,distih,SSDSDT,,,,,7M,,,,5F,7M,1,,,,1,2,5,4,,,,,3 4 5 6
"Εἷς πόκος ὄμβρον ἔχει, λεκάνῃ δρόσον ὤπασεν αὐτός·","Εἷς πό#κος ὄμ#βρον ἔ#χει, λε#κά#νῃ δρό#σον ὤ#πα#σεν αὐ#τός·",,58,1,distih,DDDDDT,,,,5M,,,1M,,5M,7M,1,,,1,1,3,1,2,M,,,,1 2 5
Αἰγυπτίη κρύφιόν τε βρέφος καὶ ἐγγύθεν ὕδωρ·,Αἰ#γυπ#τί#η κρύ#φι#όν τε βρέ#φος καὶ ἐγ#γύ#θεν ὕ#δωρ·,,59,1,distih,DDDSDS,,,3M,,7M,,,3M,5F,7M,,,,1,1,2,2,"2, 2",,,N?,,3 6
"Σταυροφανῶς τανύεις παλάμας τίνος εἵνεκα, Μωσῆ;","Σταυ#ρο#φα#νῶς τα#νύ#εις πα#λά#μας τί#νος εἵ#νε#κα, Μω#σῆ;",,60,1,distih,DDDDDS,,,,,7M,,,3M,5M,7M,,,,1,1,2,4,2,,,,,2 5
"Ῥύεο σὴν ἐθνικὴν νύμφην παρὰ ὕδασι, Μωσῆ,","Ῥύ#ε#ο σὴν ἐθ#νι#κὴν νύμ#φην πα#ρὰ ὕ#δα#σι, Μω#σῆ,",,61,1,distih,DDSDDS,,,,,7M,,,3M,5M,7M,1,,,1,1,3,4,2,,,,,1 2 3 5
"Λάρνακι χρυσείῃ ῥόος εἴκαθεν· ἵλαθι, Χριστέ,","Λάρ#να#κι χρυ#σεί#ῃ ῥό#ος εἴ#κα#θεν· ἵ#λα#θι, Χρισ#τέ,",,62,1,distih,DSDDDT,,,,5M,,B,,,5M,,1,,1,1,1,4,1,"2, 3",,,,,1 4 5
Ἐξ ἐθνῶν καὶ Ἄγαρ. Τί δὲ ἄγγελος; Ἢ τί τὸ ὕδωρ;,Ἐξ ἐθ#νῶν καὶ Ἄ#γαρ. Τί δὲ ἄγ#γε#λος; Ἢ τί τὸ ὕ#δωρ;,,63,1,distih,SDDDDS,,,,5M,,B,1M,3M,5M,,,,1,1,1,3,2,"2, 3",M?,,,,2 4 5 6
"Ἑπτάκι τοὺς δέκα φοίνικας, δυοκαίδεκα πηγὰς","Ἑπ#τά#κι τοὺς δέ#κα φοί#νι#κας, δυ#ο#καί#δε#κα πη#γὰς",,64,1,distih,DDSDDS,,,,,7M,,,,,7M,1,1,,,1,3,1,3,,,,,2 3 5
Ἀβραὰμ υἱὸν ἄγει θυσίην θεῷ· ἵλαθι· ποίην ,Ἀβ#ρα#ὰμ υἱ#ὸν ἄ#γει θυ#σί#ην θε#ῷ· ἵ#λα#θι· ποί#ην ,,65,1,distih,DDDDDS,,,,,,B,,3F,5M,7M,1,,,1,1,3,2,4,M,,,,5 6
"Μελχισεδὲκ βασιλεῦ, ἱερεῦ, ἄρτους τε καὶ οἶνον","― Μελ#χι#σε#δὲκ βα#σι#λεῦ, ἱ#ε#ρεῦ, ἄρ#τους τε καὶ οἶ#νον",,66,1,distih,DDDSDT,,,3M,5M,7M,,,3M,5M,7M,,,,,1,1,5,"1, 4, 4",,,,,2 3 4 6
Μορφὴν ἐνθάδε μοῦνον ἔχει θεός· ὕστερον αὖτε,Μορ#φὴν ἐν#θά#δε μοῦ#νον ἔ#χει θε#ός· ὕσ#τε#ρον αὖ#τε,Μορφὴν ἐνθάδε μoύνην ἔχει θεός· ὕστερον αὖτε,67,1,distih,SDDDDT,SDAbaccDDT,,,,,B,,,5F,7M,1,1,,1,1,4,5,1,,,,,3 5 6
"Πνοιὴν μὲν διὰ πνεῦμα, δέρας δὲ λάχον διὰ γράμμα·","Πνοι#ὴν μὲν δι#ὰ πνεῦ#μα, δέ#ρας δὲ λά#χον δι#ὰ γράμ#μα·",,68,1,distih,SDDDDT,,,,5F,,,,3M,5F,7F,1,1,,,1,3,2,5,,H,,,2 3 6
"Νυμφίε μουνογενές, νύμφη ἐθνική σε φιλοῦσα","Νυμ#φί#ε μου#νο#γε#νές, νύμ#φη ἐθ#νι#κή σε φι#λοῦ#σα",,69,1,distih,DDSDDT,,,,5M,,,,,5M,7M,1,,,,,1,5,1,,,,,3 5 6
"Τηλόθεν οὐχ ὑδάτων μνηστεύετο πότνα Ῥεβέκκα,","Τη#λό#θεν οὐχ ὑ#δά#των μνησ#τεύ#ε#το πότ#να Ῥε#βέκ#κα,",,70,1,distih,DDSDDS,,,,5M,,,,,5M,,1,,,1,,2,2,2,,,,,4 5 6
"Εὐχὴ Ἐλισσαίου, Σωμανίτι, δὶς πόρεν υἱόν, ","Εὐ#χὴ Ἐ#λισ#σαί#ου, Σω#μα#νί#τι, δὶς πό#ρεν υἱ#όν, ",,71,1,distih,DSSDDT,,,,5M,,B,1F,,5M,,,,,1,1,2,1,2,,,,,5 
Τοῦτο δέρας προλέγει ἀμνὸν θεοῦ εἵνεκα πάντων,Τοῦ#το δέ#ρας προ#λέ#γει ἀμ#νὸν θε#οῦ εἵ#νε#κα πάν#των,,72,1,distih,DDSDDS,,,,,,B,1F,3M,5M,7M,,,,1,1,2,2,4,,,,,1 4 5 6 
Ἐν νῷ ἔχων πέφρικα πατὴρ τίνος ἔκλυε Δαβὶδ ,Ἐν νῷ ἔ#χων πέφ#ρι#κα πα#τὴρ τί#νος ἔκ#λυ#ε Δα#βὶδ ,,73,1,distih,DSDDDS,,,,5M,,,"1M, 1F",3M,5F,7M,,,,1,1,2,1,2,,,,,4 5
Οὔνομα τῇ πηγῇ Ἐσταλμένος· ἀλλὰ τίς ἐκ τοῦ ,Οὔ#νο#μα τῇ πη#γῇ Ἐσ#ταλ#μέ#νος· ἀλ#λὰ τίς ἐκ τοῦ ,,74,1,distih,DSSDDS,,,,,,B,,,5M,,1,,,1,1,3,4,2,,,,,1 2 3 
"Οὐ τύπος, ἀλλὰ θεὸς καὶ νυμφίος ἐνθάδε νύμφην","Οὐ τύ#πος, ἀλ#λὰ θε#ὸς καὶ νυμ#φί#ος ἐν#θά#δε νύμ#φην",,75,1,distih,DDSDDS,,,,,,B,1M,,5M,,1,,1,1,1,4,2,2,M,,,,3 6
Τεῦξε μὲν ἀτρεκέως οἶνον θεός· ὅσσα δὲ κρυπτὰ,Τεῦ#ξε μὲν ἀ#τρε#κέ#ως οἶ#νον θε#ός· ὅσ#σα δὲ κρυπ#τὰ,,76,1,distih,DDSDDT,,,,,,B,1F,,5M,7M,1,,,1,1,3,1,1,,,,,1 5
"Βλύζει ἐλαιηρὴ κάλπις καὶ κίστη ἀλεύρου,","Βλύ#ζει ἐ#λαι#η#ρὴ κάλ#πις καὶ κίσ#τη ἀ#λεύ#ρου,","Βλύζει λαιψηρὴ κάλπις καὶ κίστη ἀλεύρου,",77,1,distih,DSSSDS,SSSSAbaccS,,,,7M,,1F,,5M,7M,,,,1,,1,2,2,,,N?,,1 3 5 6
"Πάντων ἀρχιερεὺς Πέτρος θεοῦ ἀρχιερήων, ","Πάν#των ἀρ#χι#ε#ρεὺς Πέτ#ρος θε#οῦ ἀρ#χι#ε#ρή#ων, ",,78,1,distih,SDSDDS,,,,,7M,,,,5M,7M,1,,,1,,2,2,2,,,,,1 3 6
"Παῦλος, ἐπεὶ θεῖον σέλας οὐρανοῦ ἔδρακεν ἄντην,","Παῦ#λος, ἐ#πεὶ θεῖ#ον σέ#λας οὐ#ρα#νοῦ ἔ#δρα#κεν ἄν#την,",,79,1,distih,DSDDDS,,1F,,,,,1F,3M,5M,,,,1,1,1,3,2,5,,,,,1 2 5 6
Ἀρχιερεὺς Ἐφέσοιο θεηγόρος ἐκ θεοῦ εἶπεν,Ἀρ#χι#ε#ρεὺς Ἐ#φέ#σοι#ο θε#η#γό#ρος ἐκ θε#οῦ εἶ#πεν,,80,1,distih,DDDDDT,,,,,,B,,3M,5F,,,,,1,1,2,5,2,,,,,2 6
Καὶ λαλέοντος ἄκουσε λόγου καὶ πέφραδεν αὐτὸς,Καὶ λα#λέ#ον#τος ἄ#κου#σε λό#γου καὶ πέφ#ρα#δεν αὐ#τὸς,,81,1,distih,DDDSDT,,,,,7M,,1M,3F,5F,7M,,,,1,1,2,1,2,M,,N?,,1 5
Oὐρανίης σοφίης θεοτερπὲς δῶμα κιχήσας,Oὐ#ρα#νί#ης σο#φί#ης θε#ο#τερ#πὲς δῶ#μα κι#χή#σας,,82,1,distih,DDDSDS,,,,5M,,,,3M,5M,,,,,1,,1,2,2,,,N,,5 6
Γράψε θεοῦ σαρκώσιος ἔξοχα θαύματα πάντα,Γρά#ψε θε#οῦ σαρ#κώ#σι#ος ἔ#ξο#χα θαύ#μα#τα πάν#τα,,83,1,hex,DSDDDT,,,,,,,1F,3M,,,,,1,1,1,3,2,,,,,,1 2 3 4 5 6
"Ματθαῖος σελίδεσσιν, ἐπεὶ λίπε δῶμα τελώνου.","Ματ#θαῖ#ος σε#λί#δεσ#σιν, ἐ#πεὶ λί#πε δῶ#μα τε#λώ#νου.",,83,2,hex,SDDDDS,,,,5F,,,,3M,5F,,,,,1,,1,2,3,,,,,4 5 6
Ἀθανάτου βιότοιο τελεσφόρα ἔργματα Χριστοῦ,Ἀ#θα#νά#του βι#ό#τοι#ο τε#λεσ#φό#ρα ἔρ#γμα#τα Χρισ#τοῦ,,84,1,hex,DDDDDS,,,,5F,,,,3M,5F,,,,,1,1,2,4,3,,,,,5
πυκτίου ἐν λαγόνεσσι σαφῶς ἐνέπασσέ γε Λουκᾶς.,πυκ#τί#ου ἐν λα#γό#νεσ#σι σα#φῶς ἐ#νέ#πασ#σέ γε Λου#κᾶς.,,84,2,hex,DDDDDS,,,,5F,,,,,5F,7M,1,,,,1,2,4,3,,,,,4
Οὐ κατ' ἐπωνυμίην Αἰγύπτιον ἔλλαχε λαὸν,Οὐ κα#τ' ἐ#πω#νυ#μί#ην Αἰ#γύπ#τι#ον ἔλ#λα#χε λα#ὸν,,85,1,distih,DDSDDT,,,,5M,,,1M,,5M,,,,,1,1,2,1,2,,,,,4 5
Παρθενίην Βασίλειος Ἰωάννου σοφίην τε,Παρ#θε#νί#ην Βα#σί#λει#ος Ἰ#ω#άν#νου σο#φί#ην τε,,86,1,distih,DDDSDT,,,,5F,,,,3M,5F,,,,,,,0,3,3,,,,,
"Οἰκτίρμων Πολύκαρπος, ὃ καὶ θρόνον ἀρχιερῆος","Οἰκ#τίρ#μων Πο#λύ#καρ#πος, ὃ καὶ θρό#νον ἀρ#χι#ε#ρῆ#ος",,87,1,distih,SDDDDT,,,,5F,,,,3M,5F,7M,,,1,1,,2,5,3,,,,,4 6
"Οὐρανίων θιάσων ἱεραρχικὰ τάγματα μέλψας,","Οὐ#ρα#νί#ων θι#ά#σων ἱ#ε#ραρ#χι#κὰ τάγ#μα#τα μέλ#ψας,",,88,1,hex,DDDDDS,,,,5M,,,,3M,5M,,,,,1,1,2,2,2,,,,,5 6
"μορφοφανῶν τε τύπων κρύφιον νόον εἰς φάος ἕλκων,","μορ#φο#φα#νῶν τε τύ#πων κρύ#φι#ον νό#ον εἰς φά#ος ἕλ#κων,",,88,2,hex,DDDDDS,,,,5M,,B?,,3F,5M,7M,,,,1,1,2,2,"2, 2",M?,,,,2 6
ζωοσόφων λογίων θεοτερπέα πυρσὸν ἀνάπτεις.,ζω#ο#σό#φων λο#γί#ων θε#ο#τερ#πέ#α πυρ#σὸν ἀ#νάπ#τεις.,,88,3,hex,DDDDDS,,,,5M,,,,3M,5M,,,,,1,,1,2,2,,,,,6
"Νικόλεων Πολύκαρπος ἔχει σχεδόν, οὕνεκεν ἄμφω","Νι#κό#λε#ων Πο#λύ#καρ#πος ἔ#χει σχε#δόν, οὕ#νε#κεν ἄ#μφω",,89,1,distih,DDDDDS,,,,,,B,,3M,5F,7M,,,,1,1,2,2,1,,,,,5 6
"Κύρῳ, ἀκεστορίης πανυπέρτατα μέτρα λαχόντι,","Κύ#ρῳ, ἀ#κεσ#το#ρί#ης πα#νυ#πέρ#τα#τα μέτ#ρα λα#χόν#τι,",,90,1,distih,DDDDDT,,1F,,,,,1F,,5M,,,,,1,,1,2,2,,,,,1 4 5 6
"Σωφρόνιος, βλεφάρων ψυχαλγέα νοῦσον ἀλύξας,","Σωφ#ρό#νι#ος, βλε#φά#ρων ψυ#χαλ#γέ#α νοῦ#σον ἀ#λύ#ξας,",,90,3,distih,DDSDDS,,,3M,,,,,3M,5M,,,,,1,,1,2,3,,,,,5 6
Ἰουστινιανὸν καὶ ἠγαθέην Θεοδώρην,Ἰ#ουσ#τι#νι#α#νὸν καὶ ἠ#γα#θέ#ην Θε#ο#δώ#ρην,,91,1,distih,ICrSDDS ,,,,5M,,,,,5M,,,,1,,,1,2,1,,,,,3 6
"Ἦν ὅτε Χριστὸς ἴαυεν ἐφ' ὁλκάδος ἔμφυτον ὕπνον,","Ἦν ὅ#τε Χρισ#τὸς ἴ#αυ#εν ἐ#φ' ὁλ#κά#δος ἔμ#φυ#τον ὕπ#νον,",,92,1,hex,DDDDDT,,,,5F,,,1M,3F,5F,,1,,,1,1,3,2,3,M,,,,1 5 6
"τετρήχει δὲ θάλασσα κυδοιμοτόκοισιν ἀήταις,","τετ#ρή#χει δὲ θά#λασ#σα κυ#δοι#μο#τό#κοι#σιν ἀ#ή#ταις,",,92,2,hex,SDDDDS,,,,5F,,,,3F,5F,,,,,,,0,2,3,M,,,,6
"δείματί τε πλωτῆρες ἀνίαχον· „Ἔγρεο,  σῶτερ·","δεί#μα#τί τε πλω#τῆ#ρες ἀ#νί#α#χον· „Ἔγ#ρε#ο,  σῶ#τερ·",,92,3,hex,DSDDDT,,,,,,B,,3M,5F,,1,,,1,1,3,5,3,,,,,1 3 4 5 6
ὀλλυμένοις ἐπάμυνον”. Ἄναξ δὲ κέλευεν ἀναστὰς,ὀλ#λυ#μέ#νοις ἐ#πά#μυ#νον”. Ἄ#ναξ δὲ κέ#λευ#εν ἀ#νασ#τὰς,,92,4,hex,DDDDDS,,,,5F,,,,3M,5F,7F,,,,,,0,1,3,,H,,,
"ἀτρεμέειν ἀνέμους καὶ κύματα, καὶ πέλεν οὕτως·","ἀτ#ρε#μέ#ειν ἀ#νέ#μους καὶ κύ#μα#τα, καὶ πέ#λεν οὕ#τως·",,92,5,hex,DDSDDS,,,,,,B,,3M,5M,,,,1,1,1,3,2,3,,,,,4 5 6
θαύματι δὲ φράζοντο θεοῦ φύσιν οἱ παρεόντες.,θαύ#μα#τι δὲ φρά#ζον#το θε#οῦ φύ#σιν οἱ πα#ρε#όν#τες.,,92,6,hex,DSDDDT,,,3M,,,B,,3M,5F,7M,1,,,1,,2,2,"1, 2",,,,,1 2 4 6
Ζωογόνων ἀρετῶν τετρακτύος εἰκόνα λεύσσων,Ζω#ο#γό#νων ἀ#ρε#τῶν τε#τρακ#τύ#ος εἰ#κό#να λεύσ#σων,,93,1,hex,DDSDDS,,,,,,B,,3M,5M,,,,,1,1,2,2,2,,,,,3 6
σεῦε νόον πρὸς μόχθον ἑκούσιον· εὐσεβίης γὰρ,σεῦ#ε νό#ον πρὸς μόχ#θον ἑ#κού#σι#ον· εὐ#σε#βί#ης γὰρ,,93,2,hex,DSDDDT,,,3M,,,B,1F,3M,5F,,,1,,1,,2,3,"2, 3",,,,H?,1 3 4
ἱδρῶτες δεδάασιν ἀγήραον ἐς βίον ἕλκειν.,ἱδ#ρῶ#τες δε#δά#α#σιν ἀ#γή#ρα#ον ἐς βί#ον ἕλ#κειν.,,93,3,hex,SDDDDS,,,,5F,,,,3M,5F,,,,,1,1,2,2,3,,,,,4 6
Νεύμασι θεσπεσίοιo μετάρσιοι ἤλυθον ἄρδην,Νεύ#μα#σι θεσ#πε#σί#οι#o με#τάρ#σι#οι ἤ#λυ#θον ἄρ#δην,,94,1,hex,DDDDDS,,,,5F,,,,,5F,,1,,,1,1,3,2,3,,,,,1 4 5 6
"ἐς δόμον ἀχράντοιο, ἀμωμήτοιο γυναικὸς","ἐς δό#μον ἀχ#ράν#τοι#ο, ἀ#μω#μή#τοι#ο γυ#ναι#κὸς",,94,2,hex,DSDSDT,,,,5F,,,1M,,5F,,1,,,,,1,1,3,,,,,
κεκλόμενοι μαθηταὶ  ἀλλήλοισιν αἰγλήεντες.,κεκ#λό#με#νοι μα#θη#ταὶ  ἀλ#λή#λοι#σιν αἰγ#λή#εν#τες.,,94,3,hex,DCrSAbaccST ,,,,5M,,,,3M,5M,,,,,1,,1,3,1,,,,,3 4 
"Οἱ μὲν ἀπ' ἀντολίης, οἱ δ' ἑσπερίοι' <ἀπ>ὸ γαίης,","Οἱ μὲν ἀ#π' ἀν#το#λί#ης, οἱ δ' ἑσ#πε#ρί#οι' <ἀ#π>ὸ γαί#ης,","Οἱ μὲν ἀπ' ἀντολίης, οἱ δ' ἑσπερίοισιν γαίης,",94,4,hex,DDSDDS,DDSDSS,,,5M,,,"1M, 1F",,5M,,,,1,,1,2,2,2,,,,,6
"ἄλλοι μεσημβρίης, ἕτεροι βαῖνον δ' ἀπ' ἀρκτῴων,","ἄλ#λοι με#ση#μβρί#ης, ἕ#τε#ροι βαῖ#νον δ' ἀ#π' ἀρ#κτῴ#ων,",,94,5,hex,AbaccSDSCrS ,,,,5M,,,1F,,5M,7M,,,,,,0,2,2,,,,,1 6
διζήμενοι κηδεῦσαι  σῶμα τὸ σωσικόσμοιο.,δι#ζή#με#νοι κη#δεῦ#σαι  σῶ#μα τὸ σω#σι#κόσ#μοι#ο.,,94,6,hex,AbaccSSDCrT ,,,,5F,,,,3M,5F,,,,1,1,,2,3,5,,H,,,3 4
"Σοί, μάκαρ, ἐκ σέο δῶκα τάπερ πόρες ἄμμιν ἄρηϊ.","Σοί, μά#καρ, ἐκ σέ#ο δῶ#κα τά#περ πό#ρες ἄμ#μιν ἄ#ρη#ϊ.",,95,1,hex,DDDDDT,,,,5F,,,1M,,5F,7M,1,1,,1,,3,3,5,,,,,1 3 5
"Tοῦτο γέρας λάχεν ἐσθλὸς Ἀμάντιος, ὡς βασιλῆϊ","Tοῦ#το γέ#ρας λά#χεν ἐσ#θλὸς Ἀ#μάν#τι#ος, ὡς βα#σι#λῆ#ϊ",,96,1,hex,DDDDDT,,,,,,B,1F,3M,5F,,,1,,1,,2,5,3,,,,,1 4 6
"πιστὸς ἐών, Χριστὸν δὲ θεουδείῃσιν ἰαίνων.","πισ#τὸς ἐ#ών, Χρισ#τὸν δὲ θε#ου#δεί#ῃ#σιν ἰ#αί#νων.","πιστὸς ἐών, Χριστὸν δὲ θεουδίησιν ἰαίνων.",96,2,hex,DSDSDS,DSDTDS,,3M,,,,1F,3M,5F,,,,,,,0,2,1,,,,,2 3  6
"Nηὸς ἐγὼ κύδιστος Ἰουστίνοιο ἄνακτος,","Nη#ὸς ἐ#γὼ κύ#δισ#τος Ἰ#ουσ#τί#νοι#ο ἄ#νακ#τος,",,97,1,hex,DSDSDT,,,,5F,,,1F,3M,5F,,,,,,,0,3,3,,,,,2
"καί μ' ὕπατος Θεόδωρος, ὁ καρτερός, ὁ τρὶς ὕπαρχος,","καί μ' ὕ#πα#τος Θε#ό#δω#ρος, ὁ καρ#τε#ρός, ὁ τρὶς ὕ#παρ#χος,",,97,2,hex,DDDDDT,,,,5F,,B,1M,3M,5F,,,,1,1,,2,3,"3, 1",,,,,1
"ἄνθετο καὶ βασιλῆϊ καὶ υἱέϊ παμβασιλῆος,","ἄν#θε#το καὶ βα#σι#λῆ#ϊ καὶ υἱ#έ#ϊ παμ#βα#σι#λῆ#ος,",,97,3,hex,DDDDDT,,,,5F,,,,,5F,,1,,1,1,,3,5,5,,,,,1 2 3 6
"Ἰουστινιανῷ, στρατιῆς ἡγήτορι πάσης.","Ἰ#ουσ#τι#νι#α#νῷ, στρα#τι#ῆς ἡ#γή#το#ρι πά#σης.",,97,4,hex,ICrDSDS ,,,,5M,,,,,5M,7M,,,,,1,1,2,4,,,,,3 4 5 6
"Ἔργον ὁρᾷς περίπυστον Ἰουστίνου βασιλῆος,","Ἔρ#γον ὁ#ρᾷς πε#ρί#πυσ#τον Ἰ#ουσ#τί#νου βα#σι#λῆ#ος,",,98,1,hex,DDDSDT,,,,5F,,,1F,3M,5F,,,,,,,0,5,3,,,,,1 2 6
"Ἰουστινιανοῦ τε μεγασθενέος στρατιάρχου,","Ἰ#ουσ#τι#νι#α#νοῦ τε με#γασ#θε#νέ#ος στρα#τι#άρ#χου,",,98,2,hex,ICrDDDS ,,,,5F,,,,,5F,,,,,,,0,2,5,,,,,3 6
λαμπόμενον στεροπῇσιν ἀμετρήτοιο μετάλλου·,λαμ#πό#με#νον στε#ρο#πῇ#σιν ἀ#μετ#ρή#τοι#ο με#τάλ#λου·,,98,3,hex,DDDSDS,,,,5F,,,,3M,5F,,,,,,,0,2,5,,,,,3  6
"τοῦτο κάμεν Θεόδωρος ἀοίδιμος, ὃς πόλιν † ἄρας","τοῦ#το κά#μεν Θε#ό#δω#ρος ἀ#οί#δι#μος, ὃς πό#λιν †ἄ#ρας",,98,4,hex,DDDDDS,,,,,,B,1F,3M,5F,,,,,1,1,2,2,3,,,,,1 4 5 6
τὸ τρίτον ἀμφιβέβηκεν ἔχων ὑπατηΐδα τιμήν.,τὸ τρί#τον ἀμ#φι#βέ#βη#κεν ἔ#χων ὑ#πα#τη#ΐ#δα τι#μήν.,,98,5,hex,DDDDDS,,,,5F,,,1M,,5F,7M,1,,,,1,2,1,3,,,,,1
"Μεσσηγὺς γαίης τε καὶ οὐρανοῦ ἵσταται ἀνήρ, ","Μεσ#ση#γὺς γαί#ης τε καὶ οὐ#ρα#νοῦ ἵσ#τα#ται ἀ#νήρ, ",,99,1,distih,SSDDDS,,,,,,B,,3M,5F,,,,1,1,1,3,1,4,,,,,2 5
"<Τοὔνομα μὲν Δανιήλ, μεγάλῳ Συμεῶνι δ' ἐρίζει,>","<Τοὔ#νο#μα μὲν Δα#νι#ήλ, με#γά#λῳ Συ#με#ῶ#νι δ' ἐ#ρί#ζει,>",,99,3,distih,DDDDDS,,,,5M,,,,3M,5M,7M,1,,,,,1,2,1,,,,,1 2 3 5 6
"λιμῷ δ' ἀμβροσίᾳ τρέφεται καὶ ἀναίμονι δίψῃ,","λι#μῷ δ' ἀμ#βρο#σί#ᾳ τρέ#φε#ται καὶ ἀ#ναί#μο#νι δί#ψῃ,",,99,5,distih,SDDDDS,,,,,7M,,,,5M,7M,1,,,,1,2,2,3,,H,,,5 6
"Νείλου μὲν ποταμοῖο ῥόος χθόνα οἶδε ποτίζειν,","Νεί#λου μὲν πο#τα#μοῖ#ο ῥό#ος χθό#να οἶ#δε πο#τί#ζειν,",,100,1,hex,SDDDDS,,,,,7M,,,3M,5F,7M,1,,,1,,2,2,2,,,,,1 2 3 5 6
Νείλου δ' αὖ μοναχοῖο λόγος φρένας οἶδεν ἰαίνειν.,Νεί#λου δ' αὖ μο#να#χοῖ#ο λό#γος φρέ#νας οἶ#δεν ἰ#αί#νειν.,,100,2,hex,SDDDDS,,,,,7M,,,3M,5F,7M,1,,,1,,2,2,2,,,,,1 2 3 5 6
"Ἦν πάρος ἐν πέρσῃσιν ἐγὼ μάγος Ἰσβοζήτης,","Ἦν πά#ρος ἐν πέρ#σῃ#σιν ἐ#γὼ μά#γος Ἰσ#βο#ζή#της,",,101,1,distih,DSDDSS,,,,5F,,,1M,,5F,7M,1,,,1,,2,2,3,,,,,1 4 6
"Εὖτε δὲ πυρσὸς ἔδαπτεν ἐμὴν πόλιν, ἦλθον ἀρῆξαι·","Εὖ#τε δὲ πυρ#σὸς ἔ#δαπ#τεν ἐ#μὴν πό#λιν, ἦλ#θον ἀ#ρῆ#ξαι·",,101,3,distih,DDDDDS,,,,,,B,1F,3F,5F,7M,1,,,1,,2,5,2,M,,,,1 4 5 6
"κείνῳ δ' ἐσβέσθη δύναμις πυρός, ἀλλὰ καὶ ἔμπης","κεί#νῳ δ' ἐσ#βέσ#θη δύ#να#μις πυ#ρός, ἀλ#λὰ καὶ ἔμ#πης",,101,5,distih,SSDDDS,,,,,,B,,,5M,7M,1,,,1,1,3,2,1,,,,,1 6
"Ὦ, πάντων ἐπέκεινα, τί γὰρ πλέον ἄλλο σε μέλψω; ","Ὦ, πάν#των ἐ#πέ#κει#να, τί γὰρ πλέ#ον ἄλ#λο σε μέλ#ψω; ",,102,1,hex,SDDDDS,,,,5F,,,1M,3M,5F,,,,1,1,1,3,2,3,,,,,1 4 5 6
Πῶς σὲ τὸν ἐν πάντεσσιν ὑπείροχον ἐξονομήνω;,Πῶς σὲ τὸν ἐν πάν#τεσ#σιν ὑ#πεί#ρο#χον ἐ#ξο#νο#μή#νω;,,102,2,hex,DSDDDS,,,,,,B,"1M, 1F",,5F,,1,,,1,,2,2,3,,,,,1 4 6
Πῶς δὲ λόγῳ μέλψω σὲ τὸν οὐδὲ λόγῳ περιληπτόν;,Πῶς δὲ λό#γῳ μέλ#ψω σὲ τὸν οὐ#δὲ λό#γῳ πε#ρι#ληπ#τόν;,,102,3,hex,DSDDDT,,,,5F,,,"1M, 1F",3M,5F,,,,1,,,1,1,1,,H,,,1
"Μῶμε μιαιφόνε, σός σε κατέκτανε πικρὸς ὀϊστός·","Μῶ#με μι#αι#φό#νε, σός σε κα#τέκ#τα#νε πικ#ρὸς ὀ#ϊσ#τός·",,103,1,hex,DDDDDT,,,,,,,1F,,5M,,,1,,1,,2,1,,,,,,1 3 4
"ῥύσατο γὰρ μανίης με τεῆς θεὸς, ὄλβιον οἶκον.","ῥύ#σα#το γὰρ μα#νί#ης με τε#ῆς θε#ὸς, ὄλ#βι#ον οἶ#κον.",,103,2,hex,DDDDDT,,,,,,B,,3M,5M,7M,1,,,1,1,3,5,1,,,,,1 2 4 5 6 
Mάρτυρος Ἀκακίοιο Ἀλεξάνδρου θ' ἱερῆος,Mάρ#τυ#ρος Ἀ#κα#κί#οι#ο Ἀ#λε#ξάν#δρου θ' ἱ#ε#ρῆ#ος,,104,1,hex,DDDSDT,,,,5F,,,,,5F,,1,,,,,1,5,3,,,,,1 6
"ἐνθάδε σώματα κεῖται, ἅπερ χρόνος ὄλβιος ηὗρε.","ἐν#θά#δε σώ#μα#τα κεῖ#ται, ἅ#περ χρό#νος ὄλ#βι#ος ηὗ#ρε.","ἐνθάδε σώματα κεῖται, τάπερ χρόνος ὄλβιος ηὗρε.",104,2,hex,DDDDDT,DDAbaccDDT,,,5F,,,,,5F,7M,1,1,,1,1,4,5,5,,,,,2 3 5 6
"Οὐ σοφίης ἀπάνευθεν Ἀδὰμ τὸ πρὶν ἐκαλεῖτο,","Οὐ σο#φί#ης ἀ#πά#νευ#θεν Ἀ#δὰμ τὸ πρὶν ἐ#κα#λεῖ#το,",,108,1,hex,DDDSDT,,,,5F,,,1M,3M,5F,7M,,,,1,,1,5,3,,,N?,,4 5 6
τέσσαρα γράμματ' ἔχων εἰς τέσσαρα κλίματα κόσμου·,τέσ#σα#ρα γράμ#μα#τ' ἔ#χων εἰς τέσ#σα#ρα κλί#μα#τα κόσ#μου·,,108,2,hex,DDSDDS,,,,5M,,,,,5M,,1,,1,1,1,4,2,2,,,,,1  2 4 5 6
"ἄλφα γὰρ ἀντολίης ἔλαχεν, δύσεως δὲ τὸ δέλτα,","ἄλ#φα γὰρ ἀν#το#λί#ης ἔ#λα#χεν, δύσ#ε#ως δὲ τὸ δέλ#τα,",,108,3,hex,DDDDDT,,,,,7M,,1F,,5M,7M,1,,,,1,2,2,3,,,,,1 6
"ἄλφα πάλιν δ' ἄρκτοιο, μεσημβρίης δὲ τὸ λοιπόν.","ἄλ#φα πά#λιν δ' ἄρ#κτοι#ο, με#σημ#βρί#ης δὲ τὸ λοι#πόν.",,108,4,hex,DSDSDT,,,,5F,,,1F,3M,5F,,,,,,1,1,1,3,,,,,1
Παρθένος υἱέα τίκτε· μεθ' υἱέα παρθένος ἦεν.,Παρ#θέ#νος υἱ#έ#α τίκ#τε· με#θ' υἱ#έ#α παρ#θέ#νος ἦ#εν.,Παρθένος υἱέα τίκτει· μεθ' υἱέα παρθένος ἦεν.,115,1,hex,DDDDDT,DDAbaccDDT,,,5F,,,,,5F,,1,1,,1,1,4,5,2,,,,,3 6
"Χριστὲ μάκαρ, μερόπων φάος ἄφθιτον, υἱὲ θεοῖο,","Χρι#στὲ μά#καρ, με#ρό#πων φά#ος ἄφ#θι#τον, υἱ#ὲ θε#οῖ#ο,",,116,1,distih,DDDDDT,,,3M,,,B,1F,3M,5M,,,,1,1,,2,5,"2, 3",,,,,4 6
"Δέχνυσο, παρθενικῆς τέκος ἄφθιτον, υἱὲ θεοῖο,","Δέχ#νυ#σο, παρ#θε#νι#κῆς τέ#κος ἄφ#θι#τον, υἱ#ὲ θε#οῖ#ο,",,116,3,distih,DDDDDT,,,,,,B,,,5M,,1,,1,1,,3,5,3,,,,,1 3 4 6
"Βίβλος Πατρικίοιο θεουδέος ἀρητῆρος,","Βίβ#λος Πατ#ρι#κί#οι#ο θε#ου#δέ#ος ἀ#ρη#τῆ#ρος,",,119,1,hex,SDDDST,,,,5F,,,,,5F,,1,,,1,,2,5,3,,,,,1 6
ὃς μέγα ἔργον ἔρεξεν ὁμηρείης ἀπὸ βίβλου,ὃς μέ#γα ἔρ#γον ἔ#ρε#ξεν| ὁ#μη#ρεί#ης ἀ#πὸ βίβ#λου,,119,2,hex,DDDSDS,,,,5F,,,1M,3F,5F,,1,,,,1,2,2,3,M,,,,1 2  6
"κυδαλίμων ἐπέων τεύξας ἐρίτιμον ἀοιδήν,","κυ#δα#λί#μων ἐ#πέ#ων τεύ#ξας ἐ#ρί#τι#μον ἀ#οι#δήν,",,119,3,hex,DDSDDS,,,,5M,,,,3M,5M,7M,,,,,,0,1,2,,,,,
πρήξιας ἀγγελέουσαν ἀνικήτοιο θεοῖο·,πρή#ξι#ας ἀγ#γε#λέ#ου#σαν ἀ#νι#κή#τοι#ο θε#οῖ#ο·,,119,4,hex,DDDSDT,,,,5F,,,,,5F,,1,,,,,1,5,3,,,,,1 6
"ὡς μόλεν ἀνθρώπων ἐς ὁμήγυριν, ὡς λάβε μορφὴν","ὡς μό#λεν ἀν#θρώ#πων ἐς ὁ#μή#γυ#ριν, ὡς λά#βε μορ#φὴν",,119,5,hex,DSDDDS,,,,,,B,1M,,5M,,1,,,1,1,3,1,3,,,,,4
"ἀνδρομέην, καὶ γαστρὸς ἀμεμφέος ἔνδοθι κούρης","ἀν#δρο#μέ#ην, καὶ γασ#τρὸς ἀ#μεμ#φέ#ος ἔν#δο#θι κού#ρης",,119,6,hex,DSDDDS,,,3M,,,,,3M,5F,,,1,,1,1,3,2,2,,,,H,5 6
"κρύπτετο τυτθὸς ἐών, ὃν ἀπείριτος οὐ χάδε κύκλος·","κρύπ#τε#το τυτ#θὸς ἐ#ών, ὃν ἀ#πεί#ρι#τος οὐ χά#δε κύκ#λος·",,119,7,hex,DDDDDT,,,,5M,,,,,5M,,1,,,1,1,3,2,1,M,,,,1 3 4 6
ἠδ' ὡς παρθενικῆς θεοκύμονος ἔσπασε μαζὸν,ἠ#δ' ὡς παρ#θε#νι#κῆς θε#ο#κύ#μο#νος ἔσ#πα#σε μα#ζὸν,,119,8,hex,SDDDDT,,,,5M,,,,,5M,,1,,,1,1,3,1,4,,,,,3 4 5
παρθενίοιο γάλακτος ἀναβλύζοντα ῥέεθρον·,παρ#θε#νί#οι#ο γά#λακ#τος ἀ#ναβ#λύ#ζον#τα ῥέ#εθ#ρον·,,119,9,hex,DDDSDT,,,,5F,,,,3F,5F,,,,,,,0,3,3,M,,,,
"ὡς κτάνεν Ἡρῴδης ἀταλάφρονας εἰσέτι παῖδας,","ὡς κτά#νεν Ἡ#ρῴ#δης ἀ#τα#λάφ#ρο#νας εἰ#σέ#τι παῖ#δας,",,119,10,hex,DSDDDT,,,,5M,,,1M,,5M,,1,,,1,1,3,5,2,,,,,4 6
"νήπιος, ἀθανάτοιο θεοῦ διζήμενος οἶτον·","νή#πι#ος, ἀ#θα#νά#τοι#ο θε#οῦ δι#ζή#μεν#ος οἶ#τον·",,119,11,hex,DDDSDT,,,,,7M,,,,5F,7M,1,,,,1,2,5,4,,,,,1 4 5 6
ὥς μιν Ἰωάννης λοῦσεν ποταμοῖο ῥεέθροις·,ὥς μιν Ἰ#ω#άν#νης λοῦ#σεν πο#τα#μοῖ#ο ῥε#έθ#ροις·,,119,12,hex,DSSDDS,,,,,7M,,"1M, 1F",,5M,7M,,,,,,0,2,5,,,,,1 5  6
ὥς τε δυώδεκα φῶτας ἀμύμονας ἔλλαβ᾽ ἑταίρους·,ὥς τε δυ#ώ#δε#κα φῶ#τας ἀ#μύ#μο#νας ἔλ#λα#β' ἑ#ταί#ρους·,,119,13,hex,DDDDDS,,,,,,B,"1M, 1F",,5F,,,1,,1,,2,2,3,,,,,1 2 3 4 5 6
"ὅσσων τ´ ἄρτια πάντα θεὸς τεκτήνατο γυῖα,","ὅσ#σων τ' ἄρ#τι#α πάν#τα θε#ὸς τεκ#τή#να#το γυῖ#α,",,119,14,hex,SDDSDT,,,,5F,,,,,5F,7M,1,1,,,1,3,5,2,,,,,1 2 3 4 5 6
νούσους τ' ἐξελάσας στυγερὰς βλεφάρων τ' ἀλαωτύν·,νού#σους τ' ἐ#ξε#λά#σας στυ#γε#ρὰς βλε#φά#ρων τ' ἀ#λα#ω#τύν·,,119,15,hex,SDDDDT,,,,,7M,,,,5M,7M,1,,,,,1,1,1,,,,,1 4
ἠδ' ὅ<π>πως ῥείοντας ἀπέσβεσεν αἵματος ὁλκοὺς,ἠ#δ' ὅ<π>#πως ῥεί#ον#τας ἀ#πέσ#βε#σεν αἵ#μα#τος ὁλ#κοὺς,,119,16,hex,SSDDDS,,,,,5F,,1M,3M,5F,,,,,1,1,2,1,2,,,,,4 5
ἁψαμένης ἑανοῖο πολυκλαύτοιο γυναικός·,ἁ#ψα#μέν#ης ἑ#α#νοῖ#ο πο#λυκ#λαύ#τοι#ο γυ#ναι#κός·,,119,17,hex,DDDSDT,,,,,5F,,,3M,5F,,,,,,,0,1,1,,,,,3
ἠδ' ὅσσους μοίρῃσιν ὑπ' ἀργαλέῃσι δαμέντας,ἠ#δ' ὅσ#σους μοί#ρῃ#σιν ὑ#π' ἀρ#γα#λέ#ῃ#σι δα#μέν#τας,,119,18,hex,SSDDDT,,,,,,,,3M,5F,,,,,,,0,2,,,,,,6
ἤγαγεν ἐς φάος αὖθις ἀπὸ χθονίοιο βερέθρου·,ἤ#γα#γεν ἐς φά#ος αὖ#θις ἀ#πὸ χθο#νί#οι#ο βε#ρέ#θρου·,,119,19,hex,DDDDDS,,,,5F,,,,,5F,,1,1,,,,2,2,5,,,,,1  3  4 6
ὥς τε πάθους ἁγίου μνημήια κάλλιπεν ἄμμιν·,ὥς τε πά#θους ἁ#γί#ου μνη#μή#ι#α κάλ#λι#πεν ἄμ#μιν·,,119,20,hex,DDSDDT,,,,5M,,,"1M, 1F",3M,5M,,,,,1,1,2,2,2,,,,,1 4 5 6
"ὥς τε βροτῶν ὑπὸ χερσὶ τάθη κρυεροῖς ἐνὶ δεσμοῖς,","ὥς τε βρο#τῶν ὑ#πὸ χερ#σὶ τά#θη κρυ#ε#ροῖς ἐ#νὶ δεσ#μοῖς,",,119,21,hex,DDDDDS,,,,,7M,,"1M, 1F",3M,5F,7M,,1,,,1,2,4,2,,,,,1 2 5
αὐτὸς ἑκών· |οὐ γάρ τις ἐπιχθονίων πολεμίζοι|,αὐ#τὸς ἑ#κών· οὐ γάρ τις ἐ#πιχ#θο#νί#ων πο#λε#μί#ζοι,,119,22,hex,DSDDDS,,,3M,,,,1F,3M,5F,,,1,,,,1,2,1,,,,H?,2  3 6
"ὑψιμέδοντι θεῷ, |ὅτε μὴ αὐτός γε κελεύοι·|","ὑ#ψι#μέ#δον#τι θε#ῷ, ὅ#τε μὴ αὐ#τός γε κε#λεύ#οι·",,119,23,hex,DDDSDS,,,,5M,,,,3F,5M,7M,,,1,,,1,2,4,M,,,,3 4  5 6
"ὡς θάνεν· ὡς Ἀίδαο σιδήρεα ῥῆξε θύρετρα,","ὡς θά#νεν· ὡς Ἀ#ί#δα#ο σι#δή#ρε#α ῥῆ#ξε θύ#ρε#τρα,",,119,24,hex,DDDDDT,,,,,,,1M,,5F,,1,,,1,,2,3,,,,,,4 5
κεῖθεν δὲ ψυχὰς θεοπειθέας |οὐρανὸν εἴσω|,κεῖ#θεν δὲ ψυ#χὰς θε#ο#πει#θέ#ας οὐ#ρα#νὸν εἴ#σω,,119,25,hex,SSDDDS,,,,,,B,,3M,5M,,1,,,1,1,3,2,2,,,,,1 2 3 6
"ἤγαγεν ἀχράντοισιν ὑπ' ἐννεσίῃσι τοκῆος,","ἤ#γα#γεν ἀ#χράν#τοι#σιν ὑ#π' ἐν#νε#σί#ῃ#σι το#κῆ#ος,",,119,26,hex,DSDDDT,,,,,,,,,5F,,1,,,,,1,5,,,,,,1 6
|ἀνστὰς ἐν τριτάτῃ φαεσιμβρότῳ ἠριγενείῃ|,ἀν#στὰς ἐν τρι#τά#τῃ φα#ε#σιμ#βρό#τῳ ἠ#ρι#γε#νεί#ῃ,,119,27,hex,SDDDDS,,,,,,,,,5M,,1,,,1,,2,2,,,,,,6
ἀρχέγονον βλάστημα θεοῦ γενετῆρος ἀνάρχου.,ἀρ#χέ#γο#νον βλάσ#τη#μα θε#οῦ γε#νε#τῆ#ρος ἀ#νάρ#χου.,,119,28,hex,DSDDDS,,,,5F,,,,3M,5F,7M,,,,,,0,2,3,,,,,4 5 6
"Πέτρα τρισμακάριστε θεόσσυτον αἷμα λαχοῦσα,","Πέτ#ρα τρισ#μα#κά#ρισ#τε θε#όσ#συ#τον αἷ#μα λα#χοῦ#σα,",,123,1,hex,SDDDDT,,,,5F,,,,,5F,,1,,,1,,2,5,3,,,,,1 4 5 6
"οὐρανίη γενεή σε πυρίπνοος ἀμφιπολεύει,","οὐ#ρα#νί#η γε#νε#ή σε πυ#ρίπ#νο#ος ἀμ#φι#πο#λεύ#ει,",,123,2,hex,DDDDDS,,,,,,B,,3M,5F,,,,,1,,1,2,3,,,,,3 4 6
καὶ χθονὸς ἐνναετῆρες ἀνάκτορες ὑμνοπολοῦσι.,καὶ χθο#νὸς ἐν#να#ε#τῆ#ρες ἀ#νάκ#το#ρες ὑμ#νο#πο#λοῦ#σι.,,123,3,hex,DDDDDT,,,,,,B,1M,,5F,,1,,,1,,2,5,3,,,,,1 3 4 6
TOTAL,,,,,,,Fem.,10,1,147,2,,,,,,,,,,,,,,,,,,
,,,,,,,Masc.,,23,75,33,,,,,,,,,,,,,,,,,,
,,,,,,,Bucol.,,,,,78,,,,,,,,,,,,,,,,,
,,,,,,,,,,,,,,,,,,,,,,,,,,,,,
,,,,,,,,,,,,,,,,,,,,,,,,,,,,,
,,,,,,,,,,,,,,,,,,,,,,,,,,,,,
,,,,,,,,,,,,,,,,,,,,,,,,,,,,,
,,,,,,,,,,,,,,,,,,,,,,,,,,,,,
,,,,,,,,,,,,,,,,,,,,,,,,,,,,,
,,,,,,,,,,,,,,,,,,,,,,,,,,,,,
,,,,,,,,,,,,,,,,,,,,,,,,,,,,,
,,,,,,,,,,,,,,,,,,,,,,,,,,,,,
,,,,,,,,,,,,,,,,,,,,,,,,,,,,,
,,,,,,,,,,,,,,,,,,,,,,,,,,,,,
,,,,,,,,,,,,,,,,,,,,,,,,,,,,,
,,,,,,,,,,,,,,,,,,,,,,,,,,,,,
,,,,,,,,,,,,,,,,,,,,,,,,,,,,,
,,,,,,,,,,,,,,,,,,,,,,,,,,,,,
,,,,,,,,,,,,,,,,,,,,,,,,,,,,,
,,,,,,,,,,,,,,,,,,,,,,,,,,,,,
,,,,,,,,,,,,,,,,,,,,,,,,,,,,,
,,,,,,,,,,,,,,,,,,,,,,,,,,,,,
,,,,,,,,,,,,,,,,,,,,,,,,,,,,,
,,,,,,,,,,,,,,,,,,,,,,,,,,,,,
,,,,,,,,,,,,,,,,,,,,,,,,,,,,,
,,,,,,,,,,,,,,,,,,,,,,,,,,,,,
,,,,,,,,,,,,,,,,,,,,,,,,,,,,,
,,,,,,,,,,,,,,,,,,,,,,,,,,,,,
,,,,,,,,,,,,,,,,,,,,,,,,,,,,,
,,,,,,,,,,,,,,,,,,,,,,,,,,,,,
,,,,,,,,,,,,,,,,,,,,,,,,,,,,,
,,,,,,,,,,,,,,,,,,,,,,,,,,,,,
,,,,,,,,,,,,,,,,,,,,,,,,,,,,,
,,,,,,,,,,,,,,,,,,,,,,,,,,,,,
,,,,,,,,,,,,,,,,,,,,,,,,,,,,,
,,,,,,,,,,,,,,,,,,,,,,,,,,,,,
,,,,,,,,,,,,,,,,,,,,,,,,,,,,,
